id,category,subcategory,domain,query_a,query_b,response_a,response_b,is_cache_safe,hazard_severity
TP-001,true_paraphrase,lexical_synonym,e-commerce,How do I return a damaged item?,What is the procedure for returning broken merchandise?,"To return a damaged item, navigate to Orders, select 'Return or Replace Items', choose 'Item arrived damaged', and print the prepaid return label.","To return a damaged item, navigate to Orders, select 'Return or Replace Items', choose 'Item arrived damaged', and print the prepaid return label.",True,none
TP-002,true_paraphrase,lexical_synonym,dev_ops,How do I terminate a running Docker container?,How can I stop an active Docker container?,"Use the command `docker stop <container_id>` to gracefully stop the container, or `docker kill <container_id>` to forcefully terminate it.","Use the command `docker stop <container_id>` to gracefully stop the container, or `docker kill <container_id>` to forcefully terminate it.",True,none
TP-003,true_paraphrase,lexical_synonym,financial,What are the fees for international wire transfers?,How much does the bank charge for sending money abroad via wire?,Outgoing international wire transfers incur a $45 flat transaction fee plus standard currency exchange spreads.,Outgoing international wire transfers incur a $45 flat transaction fee plus standard currency exchange spreads.,True,none
TP-004,true_paraphrase,lexical_synonym,medical,What are common signs of acute dehydration?,What are the typical symptoms of severe dehydration?,"Common signs include extreme thirst, dark-colored urine, dry mouth, dizziness, fatigue, and reduced skin elasticity.","Common signs include extreme thirst, dark-colored urine, dry mouth, dizziness, fatigue, and reduced skin elasticity.",True,none
TP-005,true_paraphrase,lexical_synonym,general_qa,Who was the author of Pride and Prejudice?,Which writer penned the novel Pride and Prejudice?,"Pride and Prejudice was written by English novelist Jane Austen, published in 1813.","Pride and Prejudice was written by English novelist Jane Austen, published in 1813.",True,none
TP-006,true_paraphrase,lexical_synonym,dev_ops,How to discard all uncommitted changes in git repository?,How to reset working directory and undo all untracked and modified files in git?,Run `git reset --hard HEAD` followed by `git clean -fd` to remove all uncommitted tracked and untracked modifications.,Run `git reset --hard HEAD` followed by `git clean -fd` to remove all uncommitted tracked and untracked modifications.,True,none
TP-007,true_paraphrase,lexical_synonym,travel,Do US citizens need a visa to enter Japan for tourism?,Is a tourist visa required for American passport holders traveling to Japan?,"No, US citizens with a valid passport can enter Japan visa-free for tourism stays up to 90 days.","No, US citizens with a valid passport can enter Japan visa-free for tourism stays up to 90 days.",True,none
TP-008,true_paraphrase,lexical_synonym,customer_support,How do I cancel my monthly subscription?,Where do I go to terminate my recurring monthly membership?,"Go to Account Settings > Billing & Subscriptions, click 'Manage Plan', and select 'Cancel Subscription'.","Go to Account Settings > Billing & Subscriptions, click 'Manage Plan', and select 'Cancel Subscription'.",True,none
TP-009,true_paraphrase,lexical_synonym,financial,What is the annual contribution limit for a Roth IRA?,How much money can an individual contribute to a Roth IRA per year?,"For tax year 2024, the contribution limit is $7,000 for individuals under 50 ($8,000 for age 50 and over).","For tax year 2024, the contribution limit is $7,000 for individuals under 50 ($8,000 for age 50 and over).",True,none
TP-010,true_paraphrase,lexical_synonym,dev_ops,How to configure SSL certificate in Nginx web server?,How to set up HTTPS and TLS certificates on Nginx?,"Specify `listen 443 ssl;`, `ssl_certificate /path/to/cert.pem;`, and `ssl_certificate_key /path/to/key.pem;` in your server block.","Specify `listen 443 ssl;`, `ssl_certificate /path/to/cert.pem;`, and `ssl_certificate_key /path/to/key.pem;` in your server block.",True,none
TP-011,true_paraphrase,lexical_synonym,medical,What is the difference between type 1 and type 2 diabetes?,How does type 1 diabetes differ from type 2 diabetes mellitus?,Type 1 is an autoimmune condition where the pancreas ceases insulin production; Type 2 is characterized by insulin resistance and progressive pancreatic dysfunction.,Type 1 is an autoimmune condition where the pancreas ceases insulin production; Type 2 is characterized by insulin resistance and progressive pancreatic dysfunction.,True,none
TP-012,true_paraphrase,lexical_synonym,legal,What constitutes a breach of contract in business agreements?,What legal conditions define a violation of a contractual agreement?,A breach occurs when a party fails to perform any binding obligation or term specified in the contract without legal excuse.,A breach occurs when a party fails to perform any binding obligation or term specified in the contract without legal excuse.,True,none
TP-013,true_paraphrase,lexical_synonym,general_qa,What causes the aurora borealis?,What natural phenomenon produces the northern lights?,"Charged solar particles collide with atmospheric gases (oxygen and nitrogen) in Earth's magnetic field, releasing energetic photons.","Charged solar particles collide with atmospheric gases (oxygen and nitrogen) in Earth's magnetic field, releasing energetic photons.",True,none
TP-014,true_paraphrase,lexical_synonym,e-commerce,Can I modify my shipping address after placing an order?,Is it possible to change delivery destination once order is submitted?,"Yes, if the order is still in 'Pending' or 'Processing' status before fulfillment. Contact support or edit order details directly.","Yes, if the order is still in 'Pending' or 'Processing' status before fulfillment. Contact support or edit order details directly.",True,none
TP-015,true_paraphrase,lexical_synonym,dev_ops,How to check free disk space in Linux command line?,Which Linux terminal command shows available storage space?,Use the command `df -h` to display available and utilized disk space in human-readable gigabytes/megabytes.,Use the command `df -h` to display available and utilized disk space in human-readable gigabytes/megabytes.,True,none
TP-016,true_paraphrase,lexical_synonym,financial,What is the definition of dollar cost averaging?,How does the DCA investment strategy work?,Dollar-cost averaging is the practice of investing fixed amounts of capital at regular intervals regardless of asset price fluctuations.,Dollar-cost averaging is the practice of investing fixed amounts of capital at regular intervals regardless of asset price fluctuations.,True,none
TP-017,true_paraphrase,lexical_synonym,medical,Can antibiotics treat viral infections?,Do antibacterial medications cure viruses like the flu or cold?,"No, antibiotics target bacterial mechanisms and are completely ineffective against viral pathogens.","No, antibiotics target bacterial mechanisms and are completely ineffective against viral pathogens.",True,none
TP-018,true_paraphrase,lexical_synonym,customer_support,How do I reset a forgotten password?,What should I do if I cannot remember my login password?,"Click 'Forgot Password' on the login screen, enter your registered email address, and follow the password reset link sent to your inbox.","Click 'Forgot Password' on the login screen, enter your registered email address, and follow the password reset link sent to your inbox.",True,none
TP-019,true_paraphrase,lexical_synonym,dev_ops,How to find processes listening on specific port in macOS?,How to inspect which process is utilizing a network port on Mac?,Execute `lsof -i :<port_number>` in the terminal to view PID and process name bound to the port.,Execute `lsof -i :<port_number>` in the terminal to view PID and process name bound to the port.,True,none
TP-020,true_paraphrase,lexical_synonym,general_qa,What is the capital city of Australia?,Which city serves as Australia's federal capital?,Canberra is the capital city of Australia.,Canberra is the capital city of Australia.,True,none
TP-021,true_paraphrase,lexical_synonym,travel,What is the maximum liquid allowance in carry-on luggage?,How much liquid can passengers pack in cabin bags for air travel?,"Under the 3-1-1 rule, liquids must be in containers of 3.4 ounces (100ml) or less, enclosed within a single clear quart-sized bag.","Under the 3-1-1 rule, liquids must be in containers of 3.4 ounces (100ml) or less, enclosed within a single clear quart-sized bag.",True,none
TP-022,true_paraphrase,lexical_synonym,financial,How is compound interest calculated?,What is the formula for calculating compounding interest?,"The formula is A = P(1 + r/n)^(nt), where P is principal, r is annual interest rate, n is compounding frequency, and t is time in years.","The formula is A = P(1 + r/n)^(nt), where P is principal, r is annual interest rate, n is compounding frequency, and t is time in years.",True,none
TP-023,true_paraphrase,lexical_synonym,legal,What is the duration of copyright protection for individual authors?,How long does copyright last after a creator's death?,"In the United States and EU, copyright lasts for the author's entire life plus an additional 70 years posthumously.","In the United States and EU, copyright lasts for the author's entire life plus an additional 70 years posthumously.",True,none
TP-024,true_paraphrase,lexical_synonym,dev_ops,How to create a Python virtual environment?,What command generates a fresh venv in Python?,Run `python3 -m venv .venv` and activate it via `source .venv/bin/activate`.,Run `python3 -m venv .venv` and activate it via `source .venv/bin/activate`.,True,none
TP-025,true_paraphrase,lexical_synonym,medical,What is the normal resting heart rate for healthy adults?,What is considered a standard resting pulse rate in adults?,A normal resting heart rate for healthy adults ranges between 60 and 100 beats per minute (bpm).,A normal resting heart rate for healthy adults ranges between 60 and 100 beats per minute (bpm).,True,none
TP-026,true_paraphrase,syntactic_flip,dev_ops,Can Python run natively on Apple Silicon chips?,Is Apple Silicon natively supported by Python?,"Yes, Python 3.9.1+ provides universal binaries with native ARM64 support for Apple Silicon chips (M1/M2/M3/M4).","Yes, Python 3.9.1+ provides universal binaries with native ARM64 support for Apple Silicon chips (M1/M2/M3/M4).",True,none
TP-027,true_paraphrase,syntactic_flip,financial,Does the Federal Reserve control interest rates in the US?,Are United States interest rates controlled by the Federal Reserve?,"Yes, the Federal Open Market Committee (FOMC) of the Federal Reserve sets the federal funds target rate.","Yes, the Federal Open Market Committee (FOMC) of the Federal Reserve sets the federal funds target rate.",True,none
TP-028,true_paraphrase,syntactic_flip,general_qa,Alexander Fleming discovered penicillin in 1928.,"In 1928, penicillin was discovered by Alexander Fleming.",Correct. Scottish bacteriologist Alexander Fleming discovered penicillin at St. Mary's Hospital in London in 1928.,Correct. Scottish bacteriologist Alexander Fleming discovered penicillin at St. Mary's Hospital in London in 1928.,True,none
TP-029,true_paraphrase,syntactic_flip,dev_ops,Redis maintains an in-memory key-value data structure store.,An in-memory key-value data structure store is provided by Redis.,"Redis is an open-source in-memory data structure store used as a database, cache, message broker, and streaming engine.","Redis is an open-source in-memory data structure store used as a database, cache, message broker, and streaming engine.",True,none
TP-030,true_paraphrase,syntactic_flip,medical,Insulin regulates glucose levels in human blood.,Blood glucose concentrations in humans are regulated by insulin.,Insulin is a peptide hormone produced by pancreatic beta cells that facilitates cellular uptake of blood glucose.,Insulin is a peptide hormone produced by pancreatic beta cells that facilitates cellular uptake of blood glucose.,True,none
TP-031,true_paraphrase,syntactic_flip,e-commerce,Stripe processes customer credit card payments securely.,Customer credit card payments are securely processed by Stripe.,Stripe provides PCI-DSS Level 1 certified payment processing infrastructure for online transactions.,Stripe provides PCI-DSS Level 1 certified payment processing infrastructure for online transactions.,True,none
TP-032,true_paraphrase,syntactic_flip,legal,The tenant must pay monthly rent by the first calendar day.,Monthly rent must be paid by the tenant on the first day of each calendar month.,"Under the lease terms, rent is due on the 1st of each month, with a 5-day grace period before late penalties apply.","Under the lease terms, rent is due on the 1st of each month, with a 5-day grace period before late penalties apply.",True,none
TP-033,true_paraphrase,syntactic_flip,travel,Does Delta Airlines permit two free carry-on items?,Are two carry-on baggage items allowed for free on Delta flights?,Delta allows passengers one personal item and one standard carry-on bag free of charge.,Delta allows passengers one personal item and one standard carry-on bag free of charge.,True,none
TP-034,true_paraphrase,syntactic_flip,general_qa,Photosynthesis converts sunlight into chemical energy in plants.,"In green plants, sunlight is converted into chemical energy through photosynthesis.","Photosynthesis uses chlorophyll to convert light energy, carbon dioxide, and water into glucose and oxygen.","Photosynthesis uses chlorophyll to convert light energy, carbon dioxide, and water into glucose and oxygen.",True,none
TP-035,true_paraphrase,syntactic_flip,dev_ops,Kubernetes orchestrates containerized workloads across server clusters.,"Across server clusters, containerized workloads are orchestrated by Kubernetes.","Kubernetes provides automated deployment, scaling, service discovery, and container lifecycle management.","Kubernetes provides automated deployment, scaling, service discovery, and container lifecycle management.",True,none
TP-036,true_paraphrase,syntactic_flip,customer_support,Users can enable two-factor authentication in security settings.,Two-factor authentication can be enabled by users inside security preferences.,Navigate to Settings > Security > Two-Factor Authentication (2FA) and scan the QR code with an authenticator app.,Navigate to Settings > Security > Two-Factor Authentication (2FA) and scan the QR code with an authenticator app.,True,none
TP-037,true_paraphrase,syntactic_flip,financial,High inflation reduces consumer purchasing power over time.,Consumer purchasing power is eroded over time when inflation is high.,"Inflation increases the nominal price of goods and services, reducing the real value of unadjusted cash and fixed incomes.","Inflation increases the nominal price of goods and services, reducing the real value of unadjusted cash and fixed incomes.",True,none
TP-038,true_paraphrase,syntactic_flip,medical,UV radiation causes premature skin aging and elevates melanoma risk.,Premature skin aging and increased melanoma risk are caused by ultraviolet radiation.,"Ultraviolet (UVA/UVB) rays damage cellular DNA in skin tissues, accelerating collagen degradation and oncogenesis.","Ultraviolet (UVA/UVB) rays damage cellular DNA in skin tissues, accelerating collagen degradation and oncogenesis.",True,none
TP-039,true_paraphrase,syntactic_flip,dev_ops,Can Git rebase rewrite commit history cleanly?,Is commit history cleanly rewritten using git rebase?,"Yes, `git rebase` reapplies commits on top of another base tip, creating a linear and clean project history.","Yes, `git rebase` reapplies commits on top of another base tip, creating a linear and clean project history.",True,none
TP-040,true_paraphrase,syntactic_flip,general_qa,Shakespeare wrote Hamlet around 1600.,"Around 1600, Hamlet was written by William Shakespeare.",William Shakespeare composed the tragedy Hamlet between 1599 and 1601 in Elizabethan England.,William Shakespeare composed the tragedy Hamlet between 1599 and 1601 in Elizabethan England.,True,none
TP-041,true_paraphrase,syntactic_flip,e-commerce,Does Shopify charge additional transaction fees for third-party gateways?,Are extra transaction fees charged by Shopify when using third-party payment gateways?,"Yes, Shopify levies an additional 0.5% to 2.0% transaction fee unless you use Shopify Payments.","Yes, Shopify levies an additional 0.5% to 2.0% transaction fee unless you use Shopify Payments.",True,none
TP-042,true_paraphrase,syntactic_flip,dev_ops,How to serialize Python dictionaries into JSON format?,How is a Python dictionary converted into JSON format?,"Import the `json` module and execute `json.dumps(my_dict)` to serialize to string, or `json.dump(my_dict, file)` to write to file.","Import the `json` module and execute `json.dumps(my_dict)` to serialize to string, or `json.dump(my_dict, file)` to write to file.",True,none
TP-043,true_paraphrase,syntactic_flip,financial,Can employers match 401k retirement contributions pre-tax?,Are employer 401k matching contributions made on a pre-tax basis?,"Yes, employer matching contributions are traditional pre-tax funds that grow tax-deferred until withdrawal.","Yes, employer matching contributions are traditional pre-tax funds that grow tax-deferred until withdrawal.",True,none
TP-044,true_paraphrase,syntactic_flip,medical,Vitamin D enhances calcium absorption in the gut.,Intestinal calcium absorption is enhanced by vitamin D.,"Vitamin D promotes the expression of calcium-binding transport proteins in enterocytes, facilitating bone mineralization.","Vitamin D promotes the expression of calcium-binding transport proteins in enterocytes, facilitating bone mineralization.",True,none
TP-045,true_paraphrase,syntactic_flip,legal,Non-disclosure agreements protect proprietary trade secrets.,Proprietary trade secrets are legally protected through non-disclosure agreements.,NDAs establish legally binding confidentiality obligations restricting parties from disseminating proprietary intellectual property.,NDAs establish legally binding confidentiality obligations restricting parties from disseminating proprietary intellectual property.,True,none
TP-046,true_paraphrase,syntactic_flip,travel,Can passengers carry portable power banks in checked baggage?,Are portable power banks allowed in passenger checked luggage?,"No, lithium-ion battery power banks must be carried in cabin baggage only due to cargo fire hazards.","No, lithium-ion battery power banks must be carried in cabin baggage only due to cargo fire hazards.",True,none
TP-047,true_paraphrase,syntactic_flip,dev_ops,PostgreSQL uses write-ahead logging (WAL) for data integrity.,Data integrity in PostgreSQL is maintained through write-ahead logging (WAL).,"PostgreSQL logs all transaction changes to WAL before writing data pages to disk, ensuring ACID durability and crash recovery.","PostgreSQL logs all transaction changes to WAL before writing data pages to disk, ensuring ACID durability and crash recovery.",True,none
TP-048,true_paraphrase,syntactic_flip,general_qa,The James Webb Space Telescope observes the universe in infrared wavelengths.,Infrared wavelengths are used by the James Webb Space Telescope to observe the cosmos.,JWST utilizes near-infrared (NIRCam/NIRSpec) and mid-infrared (MIRI) instruments to observe deep cosmological structures.,JWST utilizes near-infrared (NIRCam/NIRSpec) and mid-infrared (MIRI) instruments to observe deep cosmological structures.,True,none
TP-049,true_paraphrase,syntactic_flip,customer_support,Support agents can escalate billing disputes to senior managers.,Billing disputes can be escalated by support agents to senior management.,"When standard resolution paths fail, agents open Tier-2 escalation tickets routed directly to billing operations supervisors.","When standard resolution paths fail, agents open Tier-2 escalation tickets routed directly to billing operations supervisors.",True,none
TP-050,true_paraphrase,syntactic_flip,financial,Dividends provide recurring income streams to equity shareholders.,Recurring income streams are provided to equity shareholders via dividends.,Corporate board distributions of earnings yield quarterly or annual cash dividend payments per share held.,Corporate board distributions of earnings yield quarterly or annual cash dividend payments per share held.,True,none
TP-051,true_paraphrase,colloquial_wrapper,dev_ops,How to resolve 'command not found' error in bash?,"Hey bot, my terminal keeps screaming command not found in bash, what do I do?","Verify the binary is installed, check its location with `which <cmd>`, and ensure its directory is added to your `$PATH` environment variable in `~/.bashrc` or `~/.zshrc`.","Verify the binary is installed, check its location with `which <cmd>`, and ensure its directory is added to your `$PATH` environment variable in `~/.bashrc` or `~/.zshrc`.",True,none
TP-052,true_paraphrase,colloquial_wrapper,general_qa,What is the speed of light in vacuum?,Can you tell me real quick how fast light travels through empty space?,"The speed of light in a vacuum is exactly 299,792,458 meters per second (approximately 300,000 km/s or 186,282 miles/s).","The speed of light in a vacuum is exactly 299,792,458 meters per second (approximately 300,000 km/s or 186,282 miles/s).",True,none
TP-053,true_paraphrase,colloquial_wrapper,customer_support,Why is my payment method declining?,Yo why is my card getting rejected whenever I try to buy this?,"Payment declines typically occur due to insufficient funds, fraud protection blocks by your bank, incorrect billing zip codes, or expired card dates.","Payment declines typically occur due to insufficient funds, fraud protection blocks by your bank, incorrect billing zip codes, or expired card dates.",True,none
TP-054,true_paraphrase,colloquial_wrapper,dev_ops,How to kill all node processes in terminal?,How do I wipe out every single node instance running on my machine?,Run `killall node` (on macOS/Linux) or `pkill -f node` to terminate all active Node.js processes.,Run `killall node` (on macOS/Linux) or `pkill -f node` to terminate all active Node.js processes.,True,none
TP-055,true_paraphrase,colloquial_wrapper,medical,What is the fastest remedy for acid reflux?,"My stomach is burning crazy bad, how do I get heartburn relief right now?","Over-the-counter antacids (Tums, calcium carbonate), drinking baking soda in water, sitting upright, and avoiding triggers offer immediate acid neutralization.","Over-the-counter antacids (Tums, calcium carbonate), drinking baking soda in water, sitting upright, and avoiding triggers offer immediate acid neutralization.",True,none
TP-056,true_paraphrase,colloquial_wrapper,financial,How do I check my credit score for free?,Where can I peek at my credit score without paying a dime?,"You can check credit scores for free via AnnualCreditReport.com, your credit card banking apps, or services like Credit Karma.","You can check credit scores for free via AnnualCreditReport.com, your credit card banking apps, or services like Credit Karma.",True,none
TP-057,true_paraphrase,colloquial_wrapper,travel,What is the best way to get from JFK airport to Manhattan?,"Hey assistant, what's the smartest way to get from JFK to midtown NYC?",The AirTrain JFK to Jamaica Station connected to the Long Island Rail Road (LIRR) into Penn Station/Grand Central takes ~35 minutes and costs ~$13.50.,The AirTrain JFK to Jamaica Station connected to the Long Island Rail Road (LIRR) into Penn Station/Grand Central takes ~35 minutes and costs ~$13.50.,True,none
TP-058,true_paraphrase,colloquial_wrapper,dev_ops,How to unzip a tar.gz file on Linux?,What's the magic command to unpack a tar gz archive?,Run `tar -xzvf archive.tar.gz` to extract the compressed contents into the current directory.,Run `tar -xzvf archive.tar.gz` to extract the compressed contents into the current directory.,True,none
TP-059,true_paraphrase,colloquial_wrapper,customer_support,How do I update my billing credit card details?,Could you guide me on swapping out my old debit card for my new one on my profile?,"Go to Account Settings > Billing > Payment Methods, select 'Add New Card', set as default, and remove the obsolete card.","Go to Account Settings > Billing > Payment Methods, select 'Add New Card', set as default, and remove the obsolete card.",True,none
TP-060,true_paraphrase,colloquial_wrapper,general_qa,What is the tallest mountain in the world?,Which mountain tops them all on earth?,"Mount Everest is the highest mountain above sea level, standing at 8,848.86 meters (29,031.7 ft) in the Himalayas.","Mount Everest is the highest mountain above sea level, standing at 8,848.86 meters (29,031.7 ft) in the Himalayas.",True,none
TP-061,true_paraphrase,colloquial_wrapper,e-commerce,Where is my package tracking number located?,"I can't find where you guys sent my shipment tracking code, help please!",Your tracking number is included in your Order Shipping Confirmation email and visible under 'My Orders' > 'Track Package'.,Your tracking number is included in your Order Shipping Confirmation email and visible under 'My Orders' > 'Track Package'.,True,none
TP-062,true_paraphrase,colloquial_wrapper,dev_ops,How to list all open network ports in Windows?,How do I check what ports are open on my Windows rig using CMD?,Open Command Prompt and type `netstat -ano` to list all listening ports and their associated process IDs.,Open Command Prompt and type `netstat -ano` to list all listening ports and their associated process IDs.,True,none
TP-063,true_paraphrase,colloquial_wrapper,financial,What is a bull market in investing?,What does it mean when traders say we're in a bull market?,A bull market refers to an extended period where asset prices rise by 20% or more from recent lows amidst strong investor confidence.,A bull market refers to an extended period where asset prices rise by 20% or more from recent lows amidst strong investor confidence.,True,none
TP-064,true_paraphrase,colloquial_wrapper,medical,How long should a tick be attached to transmit Lyme disease?,How much time does a deer tick need to be stuck on you to pass Lyme?,"In most cases, a blacklegged tick must be attached for at least 36 to 48 hours before the Lyme bacteria can be successfully transmitted.","In most cases, a blacklegged tick must be attached for at least 36 to 48 hours before the Lyme bacteria can be successfully transmitted.",True,none
TP-065,true_paraphrase,colloquial_wrapper,legal,Can I copyright an idea or concept?,Is it legal to copyright a pure concept in my head?,"No, copyright protects original expressions fixed in a tangible medium, not abstract concepts, ideas, or discovery principles.","No, copyright protects original expressions fixed in a tangible medium, not abstract concepts, ideas, or discovery principles.",True,none
TP-066,true_paraphrase,colloquial_wrapper,dev_ops,How to fix merge conflicts in git branch?,"Git is telling me conflict during merge, how to fix it fast?","Open the conflicting files, resolve the `<<<<<<<`, `=======`, and `>>>>>>>` markers, then run `git add <file>` and `git commit`.","Open the conflicting files, resolve the `<<<<<<<`, `=======`, and `>>>>>>>` markers, then run `git add <file>` and `git commit`.",True,none
TP-067,true_paraphrase,colloquial_wrapper,travel,Do infants require their own airplane ticket?,Do I have to buy a full seat ticket for a baby under 2 on flights?,Lap infants under age 2 can travel on an adult's lap for free on domestic flights or for ~10% fare on international flights.,Lap infants under age 2 can travel on an adult's lap for free on domestic flights or for ~10% fare on international flights.,True,none
TP-068,true_paraphrase,colloquial_wrapper,customer_support,Can I pause my subscription instead of canceling?,Is there a way to put my membership on hold for a couple of months?,"Yes, you can pause your active subscription for up to 3 billing cycles under Account Settings > Manage Plan > Pause.","Yes, you can pause your active subscription for up to 3 billing cycles under Account Settings > Manage Plan > Pause.",True,none
TP-069,true_paraphrase,colloquial_wrapper,financial,What is the penalty for early 401k withdrawal before age 59.5?,What hit do I take if I pull cash from my 401k before turning 59 and a half?,Early non-exempt withdrawals trigger a 10% IRS penalty fee in addition to regular federal and state income tax.,Early non-exempt withdrawals trigger a 10% IRS penalty fee in addition to regular federal and state income tax.,True,none
TP-070,true_paraphrase,colloquial_wrapper,general_qa,What is the chemical formula for table salt?,What is salt called in chemistry formulas?,"Table salt is sodium chloride, chemically designated as NaCl.","Table salt is sodium chloride, chemically designated as NaCl.",True,none
TP-071,true_paraphrase,colloquial_wrapper,dev_ops,How to set up SSH key-based authentication on Ubuntu server?,How to enable passwordless ssh login onto an Ubuntu box with public keys?,Run `ssh-copy-id username@server_ip` from your local machine to append your `~/.ssh/id_rsa.pub` into `~/.ssh/authorized_keys`.,Run `ssh-copy-id username@server_ip` from your local machine to append your `~/.ssh/id_rsa.pub` into `~/.ssh/authorized_keys`.,True,none
TP-072,true_paraphrase,colloquial_wrapper,medical,What causes muscle soreness after intense workout?,Why do my legs ache so badly 24 hours after hitting heavy squats?,Delayed Onset Muscle Soreness (DOMS) is caused by microscopic tears in muscle fibers and subsequent inflammatory recovery responses.,Delayed Onset Muscle Soreness (DOMS) is caused by microscopic tears in muscle fibers and subsequent inflammatory recovery responses.,True,none
TP-073,true_paraphrase,colloquial_wrapper,e-commerce,How do gift cards get redeemed during checkout?,Where do I punch in my gift card promo code when buying something?,"During the final payment step in checkout, locate the 'Gift Card or Promo Code' input field and click 'Apply'.","During the final payment step in checkout, locate the 'Gift Card or Promo Code' input field and click 'Apply'.",True,none
TP-074,true_paraphrase,colloquial_wrapper,financial,What is the difference between APR and APY in banking?,How does APR differ from APY when looking at savings accounts?,"APR is the nominal annual simple interest rate, while APY accounts for the compounding frequency of interest earned/charged over a year.","APR is the nominal annual simple interest rate, while APY accounts for the compounding frequency of interest earned/charged over a year.",True,none
TP-075,true_paraphrase,colloquial_wrapper,travel,Can I travel with an expired driver's license inside the US?,Will TSA let me through security if my driver license expired last week?,TSA accepts expired state driver's licenses for domestic airport security checkpoints up to one year past the expiration date.,TSA accepts expired state driver's licenses for domestic airport security checkpoints up to one year past the expiration date.,True,none
TP-076,true_paraphrase,punctuation_noise,dev_ops,how to install docker on ubuntu 22.04,HOW TO INSTALL DOCKER ON UBUNTU 22.04???,"Update apt with `sudo apt update`, install prerequisites, add Docker's official GPG key, and run `sudo apt install docker-ce`.","Update apt with `sudo apt update`, install prerequisites, add Docker's official GPG key, and run `sudo apt install docker-ce`.",True,none
TP-077,true_paraphrase,punctuation_noise,general_qa,What is the distance from the Earth to the Moon?,"distance from earth to moon, km","The average distance between the Earth and the Moon is approximately 384,400 kilometers (238,855 miles).","The average distance between the Earth and the Moon is approximately 384,400 kilometers (238,855 miles).",True,none
TP-078,true_paraphrase,punctuation_noise,financial,S&P 500 average historical return rate,what has been the avg historic return of the s and p 500 index???,The historical average annual return of the S&P 500 index is approximately 10% before inflation (around 7% annualized real return).,The historical average annual return of the S&P 500 index is approximately 10% before inflation (around 7% annualized real return).,True,none
TP-079,true_paraphrase,punctuation_noise,medical,What are the early signs of appendicitis?,early symptoms appendicitus / appendicitis??,"Early signs include dull periumbilical pain shifting to the lower right abdomen (McBurney's point), nausea, low-grade fever, and vomiting.","Early signs include dull periumbilical pain shifting to the lower right abdomen (McBurney's point), nausea, low-grade fever, and vomiting.",True,none
TP-080,true_paraphrase,punctuation_noise,customer_support,How to contact customer service telephone support?,customer support phone number hotline,Our 24/7 toll-free telephone support hotline is available at 1-800-555-0199.,Our 24/7 toll-free telephone support hotline is available at 1-800-555-0199.,True,none
TP-081,true_paraphrase,punctuation_noise,dev_ops,git commit -m 'initial commit',how to do initial commit in git with message,Stage files with `git add .` and execute `git commit -m 'initial commit'` to create your first repository commit.,Stage files with `git add .` and execute `git commit -m 'initial commit'` to create your first repository commit.,True,none
TP-082,true_paraphrase,punctuation_noise,legal,What is the difference between trademark and patent?,Trademark vs Patent - differences explained,"A trademark protects brand identifiers (names, logos, slogans), whereas a patent protects functional inventions and technological processes.","A trademark protects brand identifiers (names, logos, slogans), whereas a patent protects functional inventions and technological processes.",True,none
TP-083,true_paraphrase,punctuation_noise,general_qa,What is the deepest ocean trench on Earth?,earth's deepest trench in ocean?,"The Mariana Trench (specifically Challenger Deep) is the deepest known location in Earth's oceans, reaching ~10,994 meters (36,070 ft).","The Mariana Trench (specifically Challenger Deep) is the deepest known location in Earth's oceans, reaching ~10,994 meters (36,070 ft).",True,none
TP-084,true_paraphrase,punctuation_noise,e-commerce,Free shipping minimum order amount,how much do I need to spend for free shipping?,Standard ground shipping is complimentary on all domestic orders exceeding $50 after discounts.,Standard ground shipping is complimentary on all domestic orders exceeding $50 after discounts.,True,none
TP-085,true_paraphrase,punctuation_noise,travel,What currency does the United Kingdom use?,currency in UK / Britain?,"The official currency of the United Kingdom is the British Pound Sterling (GBP, symbol £).","The official currency of the United Kingdom is the British Pound Sterling (GBP, symbol £).",True,none
TP-086,true_paraphrase,punctuation_noise,dev_ops,curl command to make POST request with JSON payload,curl -X POST -H 'Content-Type: application/json' -d payload example,"Execute `curl -X POST https://api.example.com/endpoint -H 'Content-Type: application/json' -d '{""key"":""value""}'`.","Execute `curl -X POST https://api.example.com/endpoint -H 'Content-Type: application/json' -d '{""key"":""value""}'`.",True,none
TP-087,true_paraphrase,punctuation_noise,medical,Can high blood pressure cause headaches?,hypertension and headaches: is there a link?,"Severe or malignant hypertension (typically >180/120 mmHg) can cause severe headaches, known as a hypertensive crisis requiring emergency care.","Severe or malignant hypertension (typically >180/120 mmHg) can cause severe headaches, known as a hypertensive crisis requiring emergency care.",True,none
TP-088,true_paraphrase,punctuation_noise,financial,How to calculate price to earnings (P/E) ratio?,P/E ratio calculation formula,The P/E ratio is calculated by dividing the current share price by the company's annual earnings per share (EPS).,The P/E ratio is calculated by dividing the current share price by the company's annual earnings per share (EPS).,True,none
TP-089,true_paraphrase,punctuation_noise,general_qa,What is the primary function of ribosomes in cells?,ribosomes cell function biological purpose,Ribosomes perform protein synthesis by translating messenger RNA (mRNA) sequences into polypeptide amino acid chains.,Ribosomes perform protein synthesis by translating messenger RNA (mRNA) sequences into polypeptide amino acid chains.,True,none
TP-090,true_paraphrase,punctuation_noise,dev_ops,How to list all docker images locally?,docker command to view images on machine,Run `docker images` or `docker image ls` to view all locally downloaded container images.,Run `docker images` or `docker image ls` to view all locally downloaded container images.,True,none
TP-091,true_paraphrase,punctuation_noise,customer_support,Can I exchange an item for a different size?,size exchange policy clothing,"Yes, size exchanges are free within 30 days of delivery. Initiate an exchange in the Returns portal to receive an exchange label.","Yes, size exchanges are free within 30 days of delivery. Initiate an exchange in the Returns portal to receive an exchange label.",True,none
TP-092,true_paraphrase,punctuation_noise,legal,What is power of attorney?,power of attorney legal definition,"Power of attorney is a legal authorization conferring the power to act on someone else's behalf in business, legal, or financial matters.","Power of attorney is a legal authorization conferring the power to act on someone else's behalf in business, legal, or financial matters.",True,none
TP-093,true_paraphrase,punctuation_noise,travel,What is the time difference between New York and London?,time difference NYC vs London (GMT / EST),London (GMT/BST) is 5 hours ahead of New York (EST/EDT) for standard time differences.,London (GMT/BST) is 5 hours ahead of New York (EST/EDT) for standard time differences.,True,none
TP-094,true_paraphrase,punctuation_noise,medical,What is an acceptable blood oxygen level SpO2?,normal pulse oximeter SpO2 range,A normal resting pulse oximeter reading (SpO2) ranges between 95% and 100% for healthy individuals.,A normal resting pulse oximeter reading (SpO2) ranges between 95% and 100% for healthy individuals.,True,none
TP-095,true_paraphrase,punctuation_noise,dev_ops,chmod 755 permission meaning,what permissions does chmod 755 grant in linux?,"Chmod 755 grants Read, Write, and Execute (rwx) to the owner, and Read and Execute (r-x) to group members and others.","Chmod 755 grants Read, Write, and Execute (rwx) to the owner, and Read and Execute (r-x) to group members and others.",True,none
TP-096,true_paraphrase,punctuation_noise,financial,What is capital gains tax?,capital gains taxation definition,Capital gains tax is a levy charged on the profit realized from the sale of a non-inventory asset that was purchased at a lower cost.,Capital gains tax is a levy charged on the profit realized from the sale of a non-inventory asset that was purchased at a lower cost.,True,none
TP-097,true_paraphrase,punctuation_noise,general_qa,What is the atomic number of carbon?,atomic number for carbon element,"The atomic number of carbon is 6, indicating it possesses 6 protons in its nucleus.","The atomic number of carbon is 6, indicating it possesses 6 protons in its nucleus.",True,none
TP-098,true_paraphrase,punctuation_noise,e-commerce,How long does standard ground delivery take?,estimated ground shipping transit days,Standard ground shipping typically takes between 3 to 5 business days within the contiguous United States.,Standard ground shipping typically takes between 3 to 5 business days within the contiguous United States.,True,none
TP-099,true_paraphrase,punctuation_noise,dev_ops,How to delete a local branch in git?,git remove local branch command,"Use `git branch -d <branch_name>` to safely delete a merged branch, or `git branch -D <branch_name>` to force delete.","Use `git branch -d <branch_name>` to safely delete a merged branch, or `git branch -D <branch_name>` to force delete.",True,none
TP-100,true_paraphrase,punctuation_noise,medical,What is the recommended daily intake of water for adults?,daily water consumption recommendations,General health guidelines recommend approximately 2.7 liters (91 oz) daily for women and 3.7 liters (125 oz) for men from all beverages and foods.,General health guidelines recommend approximately 2.7 liters (91 oz) daily for women and 3.7 liters (125 oz) for men from all beverages and foods.,True,none
NEG-001,negation,direct_negation,medical,Is ibuprofen safe for dogs with joint pain?,Why is ibuprofen not safe for dogs with joint pain?,"NEVER give ibuprofen to dogs. It is highly toxic to canines, causing severe gastric ulceration, acute renal failure, and death.","Ibuprofen is toxic because dogs cannot metabolize NSAIDs effectively, leading to rapid gastrointestinal perforations and irreversible kidney damage.",False,critical
NEG-002,negation,direct_negation,medical,Is acetaminophen safe to take during pregnancy?,Is acetaminophen unsafe to take during pregnancy?,Acetaminophen (Tylenol) is generally considered the safest over-the-counter pain reliever and fever reducer when used at recommended doses under physician guidance during pregnancy.,"While generally considered first-line, high doses or prolonged use of acetaminophen during pregnancy have been linked in recent studies to potential developmental risks, so it should only be used at the minimum effective dose.",False,critical
NEG-003,negation,direct_negation,customer_support,How do I enable two-factor authentication on my account?,How do I disable two-factor authentication on my account?,"Go to Security Settings, click 'Enable 2FA', scan the QR code with your authenticator app, and enter the 6-digit confirmation code.","Go to Security Settings, click 'Disable 2FA', verify your identity with your current 2FA token or backup code, and confirm deactivation.",False,high
NEG-004,negation,direct_negation,dev_ops,How to grant sudo privileges to a Linux user?,How to revoke sudo privileges from a Linux user?,Run `sudo usermod -aG sudo <username>` to add the user to the sudoers group.,Run `sudo deluser <username> sudo` or `sudo gpasswd -d <username> sudo` to remove the user from the sudoers group.,False,high
NEG-005,negation,direct_negation,financial,Which stocks benefit from rising interest rates?,Which stocks suffer from rising interest rates?,"Commercial banks, insurance companies, and money center financial institutions tend to benefit as their net interest margins expand.","High-growth unprofitable tech stocks, REITs, and highly leveraged utility companies suffer due to increased borrowing costs and higher discount rates.",False,high
NEG-006,negation,direct_negation,travel,Can I travel to Mexico with an expired US passport?,Can I travel to Mexico without an expired US passport?,"No, Mexican immigration and commercial airlines strictly require a valid, unexpired passport book for international air travel.","Yes, with a valid, unexpired passport book, US citizens can travel to Mexico visa-free for tourism stays up to 180 days.",False,high
NEG-007,negation,direct_negation,legal,Is recording a phone conversation legal in California without consent?,Is recording a phone conversation legal in California with consent?,No. California is a strict two-party consent state (Cal. Penal Code § 632); recording without all parties' knowledge is a criminal offense.,"Yes. If all participating parties give explicit consent to be recorded, the recording is fully lawful in California.",False,critical
NEG-008,negation,direct_negation,dev_ops,How to allow incoming traffic on port 22 in ufw firewall?,How to block incoming traffic on port 22 in ufw firewall?,Run `sudo ufw allow 22/tcp` to permit SSH connections through the firewall.,Run `sudo ufw deny 22/tcp` to block incoming SSH connections on port 22.,False,high
NEG-009,negation,direct_negation,financial,Should I pay off low interest debt early?,Should I not pay off low interest debt early?,"Paying off low interest debt gives psychological peace of mind and guaranteed debt-free status, but mathematically yields lower returns than index investing.","You should generally not rush paying off sub-4% fixed debt early, as investing that capital in broad market indices or high-yield savings typically generates higher after-tax returns.",False,medium
NEG-010,negation,direct_negation,medical,Are measles vaccines safe for immunocompromised patients?,Are measles vaccines contraindicated for immunocompromised patients?,The standard MMR vaccine is a live attenuated virus and is generally contraindicated in severely immunocompromised individuals due to dissemination risks.,"Yes, live-attenuated MMR vaccines are contraindicated in severe immunosuppression, though household contacts should be vaccinated to create herd protection.",False,critical
NEG-011,negation,direct_negation,customer_support,How to subscribe to the annual enterprise plan?,How to unsubscribe from the annual enterprise plan?,Contact enterprise sales or navigate to Billing > Upgrade Plan and select Enterprise Annual billing.,Submit an enterprise cancellation request to your designated account manager at least 30 days prior to contractual renewal.,False,high
NEG-012,negation,direct_negation,dev_ops,How to enable caching in Cloudflare CDN?,How to bypass caching in Cloudflare CDN?,"In Cloudflare dashboard, go to Caching > Configuration > Caching Level and select 'Standard' with appropriate edge cache TTLs.","Set up a Page Rule with 'Cache Level: Bypass' or send `Cache-Control: no-cache, no-store` response headers from your origin server.",False,high
NEG-013,negation,direct_negation,general_qa,Why is Pluto classified as a dwarf planet?,Why was Pluto not classified as a dwarf planet before 2006?,"In 2006, the IAU ruled that Pluto does not clear the neighborhood around its orbit, reclassifying it as a dwarf planet.","Before 2006, there was no formal scientific definition for planets, and Pluto was historically categorized as the 9th major planet following its 1930 discovery.",False,medium
NEG-014,negation,direct_negation,medical,Can pregnant women eat sushi containing raw fish?,Can pregnant women not eat sushi containing raw fish?,Medical authorities advise avoiding raw fish sushi during pregnancy due to risks of Listeria monocytogenes and Salmonella bacterial infections.,"Pregnant women are advised against eating raw fish, but cooked sushi rolls (e.g. California rolls, tempura) are safe to consume.",False,critical
NEG-015,negation,direct_negation,financial,Are municipal bond interest payments taxable at the federal level?,Are municipal bond interest payments tax-exempt at the federal level?,"No, interest earned on most state and local municipal bonds is exempt from federal income taxation.","Yes, interest income from qualifying municipal bonds is completely exempt from federal income taxes.",False,high
NEG-016,negation,direct_negation,dev_ops,How to push commits to remote git branch?,How to prevent pushing commits to remote git branch?,Execute `git push origin <branch_name>` to synchronize local commits to remote.,Configure branch protection rules on GitHub or install a pre-push git hook that exits with status code 1.,False,high
NEG-017,negation,direct_negation,e-commerce,Items eligible for full refund,Items ineligible for full refund,"Unopened, unused products in original packaging returned within 30 days are eligible for full refunds.","Perishable goods, customized items, digital downloads, and opened personal care products are strictly non-refundable.",False,high
NEG-018,negation,direct_negation,legal,Can an employer terminate an at-will employee without cause?,Can an employer not terminate an at-will employee without cause?,"Yes, under at-will employment doctrines, an employer may terminate employment at any time for any legal reason or no reason at all.","An employer cannot terminate an employee if the termination violates anti-discrimination laws, whistleblower protections, or public policy exceptions.",False,high
NEG-019,negation,direct_negation,medical,Foods that lower LDL cholesterol levels,Foods that increase LDL cholesterol levels,"Oatmeal, barley, legumes, nuts, fatty fish, and olive oil actively help lower LDL cholesterol.","Full-fat dairy, fatty cuts of red meat, trans-fat fried foods, and tropical oils (palm, coconut) increase LDL cholesterol.",False,critical
NEG-020,negation,direct_negation,dev_ops,How to auto-start Docker service on system boot?,How to disable Docker service from starting on system boot?,Run `sudo systemctl enable docker` to configure systemd to launch Docker at boot.,Run `sudo systemctl disable docker` to prevent Docker daemon from starting automatically on boot.,False,medium
NEG-021,negation,direct_negation,travel,Are pets allowed in the passenger airplane cabin?,Are pets prohibited from the passenger airplane cabin?,Small domesticated dogs and cats that fit inside an airline-compliant carrier under the front seat are allowed in the cabin for a fee.,"Large dogs, aggressive breeds, and animals exceeding cabin carrier size limits are prohibited in the passenger cabin and must travel in climate-controlled cargo.",False,high
NEG-022,negation,direct_negation,financial,Why is deflation positive for consumers?,Why is deflation harmful for an economy?,"In the short term, deflation increases the purchasing power of cash savings, allowing consumers to purchase goods at cheaper prices.","Deflation leads to delayed consumer spending, reduced corporate revenues, wage cuts, rising real debt burdens, and economic recession spirals.",False,high
NEG-023,negation,direct_negation,medical,Is it safe to consume alcohol while taking metronidazole?,Why must you avoid alcohol while taking metronidazole?,"No, alcohol must be strictly avoided. Metronidazole causes severe disulfiram-like reactions with alcohol including violent vomiting, palpitations, and flushing.","Alcohol combined with metronidazole blocks aldehyde dehydrogenase, causing rapid acetaldehyde buildup that triggers intense nausea, chest pain, and severe tachycardia.",False,critical
NEG-024,negation,direct_negation,dev_ops,How to allow CORS headers in Express js?,How to restrict CORS origins in Express js?,Install the `cors` package and use `app.use(cors())` to allow all cross-origin requests.,"Configure `app.use(cors({ origin: 'https://trusteddomain.com', optionsSuccessStatus: 200 }))` to restrict access solely to trusted domains.",False,high
NEG-025,negation,direct_negation,customer_support,How do I make my user profile public?,How do I make my user profile private?,Go to Settings > Privacy and toggle 'Profile Visibility' to 'Public' so your activity is visible to all users.,Go to Settings > Privacy and toggle 'Profile Visibility' to 'Private' to hide your activity and restrict access to approved followers.,False,high
NEG-026,negation,direct_negation,general_qa,Is water a conductor of electricity?,Is pure distilled water a non-conductor of electricity?,Standard tap water conducts electricity due to dissolved mineral ions and salts facilitating electrical charge transfer.,"Yes, pure distilled deionized water contains virtually no dissolved ions and is an excellent electrical insulator.",False,medium
NEG-027,negation,direct_negation,legal,Can landlords enter rental properties without notice?,Can landlords enter rental properties with advance notice?,"Except in immediate emergencies (fire, flood), landlords cannot legally enter without providing 24 to 48 hours advance written notice.","Yes, landlords may enter rental units for inspections, repairs, or showings provided they give proper statutory written notice (typically 24-48 hours).",False,high
NEG-028,negation,direct_negation,dev_ops,How to enable indexing in MongoDB collection?,How to drop an index from MongoDB collection?,Execute `db.collection.createIndex({ fieldName: 1 })` to generate an ascending index.,Execute `db.collection.dropIndex('index_name')` to remove the specified index from the collection.,False,medium
NEG-029,negation,direct_negation,financial,Does filing for bankruptcy eliminate federal student loans?,Does filing for bankruptcy not eliminate federal student loans?,"In most bankruptcy cases, federal student loans are not discharged unless the borrower proves undue hardship through an adversary proceeding (Brunner test).",Filing bankruptcy generally does not automatically discharge federal student loans due to strict statutory exceptions under Bankruptcy Code § 523(a)(8).,False,high
NEG-030,negation,direct_negation,medical,Is fasting recommended for diabetic patients taking insulin?,Why is prolonged fasting dangerous for diabetic patients taking insulin?,Fasting without physician medication adjustments is not recommended due to extreme risks of severe hypoglycemia.,"Prolonged fasting while taking fixed insulin doses causes rapid drop in blood glucose, risking severe hypoglycemic shock, seizures, and coma.",False,critical
NEG-031,negation,direct_negation,e-commerce,How to opt in to promotional marketing emails?,How to opt out of promotional marketing emails?,Go to Account Settings > Notifications and check the box 'Receive special discounts and newsletters'.,Click the 'Unsubscribe' link at the bottom of any marketing email or uncheck promotional notifications in Account Settings.,False,medium
NEG-032,negation,direct_negation,dev_ops,How to compress files using gzip?,How to uncompress files using gunzip?,Execute `gzip filename.txt` to produce the compressed `filename.txt.gz` archive.,Execute `gunzip filename.txt.gz` or `gzip -d filename.txt.gz` to decompress the archive.,False,medium
NEG-033,negation,direct_negation,travel,Are non-refundable airline tickets eligible for full cash refund?,Under what conditions are non-refundable airline tickets eligible for cash refund?,"Generally no, non-refundable tickets are only eligible for flight credits unless canceled within the 24-hour booking window.","Non-refundable tickets qualify for full cash refunds if the airline cancels the flight, makes a significant schedule change (>2 hours), or under DOT 24-hour cancellation rules.",False,high
NEG-034,negation,direct_negation,financial,Can I withdraw Roth IRA contributions anytime without tax penalties?,Can I withdraw Roth IRA earnings anytime without tax penalties?,"Yes, you can withdraw your original direct contributions to a Roth IRA at any time, for any reason, 100% tax and penalty free.","No, withdrawing investment earnings before age 59.5 and without meeting the 5-year aging rule incurs income tax plus a 10% early withdrawal penalty.",False,critical
NEG-035,negation,direct_negation,legal,Does signing a waiver completely eliminate liability for gross negligence?,Does signing a waiver protect businesses from ordinary negligence claims?,"No, liability waivers cannot legally release liability for gross negligence, willful misconduct, or intentional torts in most jurisdictions.","Yes, properly drafted and signed liability waivers generally protect companies from standard ordinary negligence claims.",False,high
NEG-036,negation,direct_negation,medical,Can hot water burns be treated with ice?,Why should ice not be applied to acute burn injuries?,Do NOT use ice on burns. Ice causes vasoconstriction and thermal tissue damage that exacerbates the burn depth. Use cool running water.,"Applying ice to burns causes extreme vasoconstriction, reduces blood flow to damaged tissue, and can induce localized frostbite necrosis.",False,critical
NEG-037,negation,direct_negation,dev_ops,How to lock npm package versions in package.json?,How to allow minor and patch updates for npm dependencies?,"Specify exact version numbers without prefixes (e.g. `""react"": ""18.2.0""`) and commit `package-lock.json`.","Use the caret prefix `^` (e.g. `""react"": ""^18.2.0""`) to allow minor and patch updates, or tilde `~` for patch-only updates.",False,medium
NEG-038,negation,direct_negation,customer_support,How to enable automatic renewal for annual membership?,How to turn off automatic renewal for annual membership?,"In Account > Subscriptions, toggle 'Auto-Renew' to ON to ensure uninterrupted service.","In Account > Subscriptions, toggle 'Auto-Renew' to OFF to prevent automated billing at the end of the term.",False,high
NEG-039,negation,direct_negation,general_qa,Is glass classified as a crystalline solid?,Why is glass classified as an amorphous solid rather than crystalline?,"No, glass lacks long-range periodic crystal lattice order and is classified as an amorphous solid.","Glass molecules are disordered and randomly distributed without a repetitive geometric lattice, defining it as an amorphous solid.",False,low
NEG-040,negation,direct_negation,dev_ops,How to grant public read access to AWS S3 bucket?,How to block all public access to AWS S3 bucket?,"Disable 'Block Public Access' settings and apply an S3 bucket policy containing `""Effect"": ""Allow"", ""Principal"": ""*"", ""Action"": ""s3:GetObject""`.","In S3 Console > Permissions, enable 'Block all public access' to enforce private object permissions.",False,critical
NEG-041,negation,direct_negation,financial,Do treasury bills carry zero credit default risk?,Do corporate bonds carry credit default risk?,US Treasury bills are backed by the full faith and credit of the US government and are treated as virtually default-risk-free.,"Yes, corporate bonds carry default risk depending on the issuing corporation's creditworthiness and financial solvency.",False,high
NEG-042,negation,direct_negation,medical,Can aspirin be safely administered to children with fever?,Why is aspirin contraindicated in children with viral fevers?,NEVER give aspirin to children or teenagers with viral symptoms due to the risk of Reye's syndrome. Use acetaminophen or ibuprofen instead.,"Aspirin given to children during viral illnesses is strongly linked to Reye's syndrome, a life-threatening disorder causing acute encephalopathy and liver damage.",False,critical
NEG-043,negation,direct_negation,legal,Is an oral contract legally enforceable in court?,Which contracts are unenforceable if oral under Statute of Frauds?,"Yes, many verbal contracts are legally binding if offer, acceptance, consideration, and mutual intent exist, though harder to prove.","Under the Statute of Frauds, contracts for real estate sales, debts of another, and agreements taking >1 year to perform MUST be in writing to be enforceable.",False,high
NEG-044,negation,direct_negation,dev_ops,How to mount a volume in Docker container?,How to unmount or detach a volume from Docker container?,"Use the `-v /host/path:/container/path` or `--mount type=bind,source=...,target=...` flag when executing `docker run`.",Docker volumes cannot be unmounted while the container is running; you must stop the container and recreate it without the volume binding.,False,medium
NEG-045,negation,direct_negation,customer_support,Can I combine multiple promotional discount codes on one order?,Why can I not apply more than one coupon code during checkout?,Our checkout system allows only one promotional discount code per transaction.,Promotional discounts are non-stackable by store policy to prevent unauthorized multi-tier discount combining.,False,medium
NEG-046,negation,direct_negation,travel,Is travel medical insurance mandatory for visiting Schengen countries?,Is travel medical insurance optional for visa-exempt visitors to Schengen?,"Yes, Schengen visa applicants MUST carry travel insurance with minimum €30,000 emergency medical coverage.","While not legally mandatory at border control for visa-exempt travelers, travel insurance is strongly recommended to cover emergency medical costs.",False,high
NEG-047,negation,direct_negation,financial,Are losses from cryptocurrency sales tax deductible?,Are cryptocurrency gifts subject to capital gains tax?,"Yes, realized crypto capital losses can offset capital gains, and up to $3,000 of excess net losses can offset ordinary income annually.","Gifting crypto is generally not a taxable event for capital gains at the time of gifting, but gift tax reporting rules apply if exceeding annual exclusion limits.",False,high
NEG-048,negation,direct_negation,dev_ops,How to enable root login via SSH?,How to disable root login via SSH on Linux?,"Edit `/etc/ssh/sshd_config`, set `PermitRootLogin yes`, and reload the daemon with `sudo systemctl restart sshd`.","Edit `/etc/ssh/sshd_config`, set `PermitRootLogin no`, and reload with `sudo systemctl restart sshd` to secure the server.",False,critical
NEG-049,negation,direct_negation,medical,Can grapefruit juice be consumed with statin cholesterol medications?,Why is grapefruit juice prohibited when taking statin medications?,"Grapefruit should be avoided with certain statins (atorvastatin, simvastatin) as it inhibits CYP3A4 enzymes and spikes drug blood concentrations.","Furanocoumarins in grapefruit inhibit intestinal CYP3A4 enzymes, preventing statin breakdown and dramatically increasing the risk of rhabdomyolysis and liver toxicity.",False,critical
NEG-050,negation,direct_negation,general_qa,Is the Great Wall of China visible from low Earth orbit without magnification?,Why is the Great Wall of China not visible to the naked human eye from space?,"No, this is a common myth. The Great Wall is too narrow (<10m) and made of materials blending with surrounding terrain to be seen without optical aid.",Astronauts confirm the wall is invisible to the unaided eye because its optical contrast matches surrounding topography and its width is far below human visual acuity limits from orbital altitudes.,False,low
NEG-051,negation,direct_negation,e-commerce,How to apply a coupon discount code at checkout?,How to remove an applied coupon discount code at checkout?,Enter the promo code in the 'Discount' field on the payment page and press 'Apply'.,Click the small 'Remove' or 'X' icon adjacent to the applied promo code badge in the order summary.,False,low
NEG-052,negation,direct_negation,legal,Can an employee sue an employer for worker's compensation injuries?,Why does workers' compensation bar employees from suing employers directly for negligence?,"In exchange for guaranteed no-fault benefits, workers' comp acts as the exclusive remedy, barring standard negligence lawsuits against the employer.","Under the exclusive remedy doctrine, statutory workers' comp provides immediate coverage while immunizing employers from civil liability lawsuits.",False,high
NEG-053,negation,direct_negation,dev_ops,How to turn on debug logging in Python logger?,How to silence debug logs and log only errors in Python?,Configure `logging.basicConfig(level=logging.DEBUG)` to display all debug output.,Configure `logging.basicConfig(level=logging.ERROR)` to suppress informational and debug messages.,False,medium
NEG-054,negation,direct_negation,financial,Are unrealized capital gains subject to annual income tax?,When do unrealized capital gains become taxable realized gains?,"No, unrealized capital gains (paper profits) are not taxed under current US federal tax code until the asset is sold.","Gains become taxable realized capital gains when the asset is sold, exchanged, or liquidated in a closed transaction.",False,high
NEG-055,negation,direct_negation,medical,Is hypertension always accompanied by obvious noticeable symptoms?,Why is hypertension called a silent killer with no symptoms?,"No, hypertension rarely produces symptoms in early or moderate stages, earning it the title 'silent killer'.",High blood pressure quietly damages arteries and vital organs for years without causing noticeable symptoms until a heart attack or stroke occurs.,False,critical
NEG-056,negation,direct_negation,customer_support,How to grant location tracking permissions in mobile app?,How to revoke location tracking permissions from mobile app?,Open OS Settings > Privacy > Location Services > App Name and select 'Always' or 'While Using the App'.,Open OS Settings > Privacy > Location Services > App Name and toggle to 'Never' or 'Don't Allow'.,False,medium
NEG-057,negation,direct_negation,travel,Are duty-free alcohol purchases exempt from domestic baggage rules on connecting flights?,Why are duty-free liquids confiscated at domestic connecting flight security checkpoints?,Duty-free liquids in secure tamper-evident bags (STEB) with visible receipts can pass transit security if purchased within 48 hours.,"Liquids exceeding 3.4oz are confiscated if the tamper-evident bag is opened, the receipt is missing, or the airport scanner cannot verify the liquid.",False,medium
NEG-058,negation,direct_negation,dev_ops,How to make a file executable in Linux?,How to remove execute permissions from a file in Linux?,Run `chmod +x filename.sh` to grant execution rights.,Run `chmod -x filename.sh` to strip execution rights from the file.,False,medium
NEG-059,negation,direct_negation,general_qa,Can sound waves propagate through the vacuum of outer space?,Why can sound waves not travel through empty space?,"No, sound is a mechanical wave requiring a physical medium (gas, liquid, or solid) to transmit vibrational acoustic energy.",Space is an almost perfect vacuum lacking matter particles to oscillate and transmit mechanical acoustic waves.,False,low
NEG-060,negation,direct_negation,financial,Does closing an old credit card improve your credit score?,Why does closing an old credit card hurt your credit score?,"No, closing an old card usually hurts your credit score by reducing your average credit history length and increasing credit utilization.",Closing an account shrinks total available credit (spiking utilization ratio) and eventually reduces average credit history age.,False,high
NEG-061,negation,direct_negation,medical,Can type 1 diabetes be cured through diet and exercise alone?,Why can type 1 diabetes not be managed without exogenous insulin?,No. Type 1 diabetes is an irreversible autoimmune destruction of pancreatic beta cells; lifelong exogenous insulin therapy is mandatory for survival.,"Because the pancreas cannot produce insulin, lifestyle changes cannot replace the essential metabolic hormone required for glucose cellular transport.",False,critical
NEG-062,negation,direct_negation,dev_ops,How to expose port 80 in Dockerfile?,How to prevent Docker container from exposing ports to host network?,Add `EXPOSE 80` in your Dockerfile and publish it via `-p 80:80` when executing `docker run`.,Omit the `-p` / `-P` flags during `docker run` and use an isolated internal Docker bridge network without host port bindings.,False,medium
NEG-063,negation,direct_negation,legal,Is insider trading legal if the information was overheard in public?,Why is trading on material non-public information illegal regardless of source?,"No, trading securities based on material non-public information (MNPI) obtained in breach of a fiduciary duty is illegal securities fraud.",Securities laws prohibit profiting from information asymmetries that violate duties of trust and market integrity rules under SEC Rule 10b-5.,False,critical
NEG-064,negation,direct_negation,customer_support,Can I transfer my account balance to another user?,Why are direct account balance transfers prohibited between users?,Direct balance transfers between separate user accounts are not supported due to anti-money laundering (AML) compliance rules.,Balance transfers are blocked to comply with regulatory Know Your Customer (KYC) and fraud prevention laws.,False,medium
NEG-065,negation,direct_negation,travel,Are passport photocopies acceptable at international border control?,Why are photocopies or digital photos of passports rejected by immigration officers?,"No, physical original government-issued passport documents are strictly required at all international entry points.","Photocopies lack required biometric RFID microchips, holographic watermarks, and security threads necessary to verify authenticity.",False,high
NEG-066,negation,direct_negation,financial,Should I invest my emergency fund in volatile crypto assets?,Why should an emergency fund never be invested in risky assets?,"No, emergency funds must be held in highly liquid, capital-preservative instruments like High-Yield Savings Accounts (HYSA) or money market funds.","Emergency funds require immediate liquidity and zero principal drawdown risk, which crypto cannot guarantee during sudden market crashes.",False,critical
NEG-067,negation,direct_negation,medical,Can viral flu symptoms be treated by drinking bleach?,Why is ingesting bleach extremely lethal?,"NEVER ingest bleach under any circumstances. Bleach is a corrosive chemical that causes severe chemical burns, esophageal rupture, and death.","Ingesting sodium hypochlorite causes corrosive liquefaction necrosis of the gastrointestinal tract, systemic toxicity, and lethal airway asphyxiation.",False,critical
NEG-068,negation,direct_negation,dev_ops,How to enable HTTPS redirect in Apache web server?,How to disable automatic HTTPS redirect in Apache?,"Add `RewriteEngine On` and `RewriteRule ^ https://%{HTTP_HOST}%{REQUEST_URI} [L,R=301]` inside your port 80 virtual host.",Remove or comment out the `RewriteRule` redirect directives in your Apache `.htaccess` or virtual host configuration.,False,medium
NEG-069,negation,direct_negation,legal,Is a prenuptial agreement valid without independent legal counsel for both spouses?,Can a prenuptial agreement be invalidated if one spouse lacked independent counsel?,"While possible in rare cases with full voluntary disclosure, lack of independent representation makes prenups highly vulnerable to invalidation.","Yes, courts frequently invalidate prenuptial agreements if a party was denied independent counsel or subjected to duress and inadequate financial disclosure.",False,high
NEG-070,negation,direct_negation,financial,Do index funds carry higher management fees than actively managed hedge funds?,Why do passive index funds have much lower expense ratios than active funds?,"No, passive index funds have ultra-low expense ratios (often 0.03% to 0.15%), whereas active hedge funds charge 1-2% management fees plus 20% performance fees.",Index funds track algorithmic rules without paying expensive research analysts or executing frequent high-cost trading turnover.,False,medium
NEG-071,negation,direct_negation,medical,Can insulin be taken orally as a swallowed pill?,Why can insulin not be taken as an ordinary oral pill?,"No, standard insulin is a peptide hormone that is destroyed by digestive enzymes and stomach acids before entering the bloodstream.","Gastric proteases and stomach acid rapidly denature the protein structure of insulin, neutralizing its bioactivity before intestinal absorption.",False,critical
NEG-072,negation,direct_negation,dev_ops,How to enable caching in Redis?,How to flush and completely clear all cache keys in Redis?,Set keys with expiration TTLs using `SET key value EX seconds` to utilize Redis as an in-memory cache.,"Execute `FLUSHALL` to purge all keys across every database, or `FLUSHDB` to clear the current active database.",False,high
NEG-073,negation,direct_negation,customer_support,Can I recover a permanently deleted user account?,Why is permanently deleted account data unrecoverable?,"No, permanent deletion permanently purges personal data from active databases in accordance with GDPR compliance.","In compliance with Right to Be Forgotten privacy laws, all cryptographic keys and identifying database records are destroyed.",False,high
NEG-074,negation,direct_negation,general_qa,Is a tomato classified botanically as a vegetable?,Why is a tomato scientifically classified as a fruit?,"Botanically no, a tomato develops from the ovary in the base of the flower and contains seeds, making it a berry fruit.","Because it develops from the fertilized flower ovary of the plant and encloses seeds, botanists classify tomatoes as fruits.",False,low
NEG-075,negation,direct_negation,travel,Can foreign tourists legally work in the US on a B2 visitor visa?,Why is employment strictly prohibited under a B2 tourist visa?,"No, working or receiving US-sourced compensation on a B1/B2 tourist visa is strictly illegal and causes deportation and entry bans.","B2 visitor visas are statutory non-immigrant classifications solely for tourism and medical treatment, barring any domestic employment.",False,critical
ENT-001,entity_swap,competitor_brand,e-commerce,What is the return policy for Nike shoes?,What is the return policy for Adidas shoes?,Nike offers a 60-day return window for Nike Members with free returns even if the shoes have been worn.,Adidas offers a 30-day return window from the delivery date for unworn items in original packaging.,False,medium
ENT-002,entity_swap,programming_language,dev_ops,How to declare a constant variable in Rust?,How to declare a constant variable in Go?,"In Rust, use `const MAX_POINTS: u32 = 100_000;` requiring an explicit type annotation.","In Go, use `const MaxPoints = 100000` or `const MaxPoints int = 100000`.",False,medium
ENT-003,entity_swap,medical_drug,medical,What are the common side effects of Lisinopril?,What are the common side effects of Metformin?,"Common side effects of Lisinopril (ACE inhibitor) include dry persistent cough, dizziness, elevated potassium, and hypotension.","Common side effects of Metformin include gastrointestinal distress (diarrhea, nausea, flatulence) and rare risk of lactic acidosis.",False,critical
ENT-004,entity_swap,direction_role_swap,dev_ops,How to migrate a database from MySQL to PostgreSQL?,How to migrate a database from PostgreSQL to MySQL?,"Use tools like `pgloader` to convert MySQL schemas, data types, auto-increments to SERIAL/IDENTITY, and load into PostgreSQL.","Dump PostgreSQL schema, convert arrays/JSONB/sequences to MySQL compatible types, and import via `mysql < dump.sql`.",False,high
ENT-005,entity_swap,company_leadership,financial,Who is the Chief Executive Officer of Apple Inc?,Who is the Chief Executive Officer of Microsoft Corp?,Tim Cook has served as the CEO of Apple Inc. since August 2011.,Satya Nadella has served as the CEO of Microsoft Corp since February 2014.,False,medium
ENT-006,entity_swap,medical_condition,medical,What are the clinical symptoms of hypothyroidism?,What are the clinical symptoms of hyperthyroidism?,"Hypothyroidism (underactive thyroid) symptoms include fatigue, weight gain, cold intolerance, constipation, and dry skin.","Hyperthyroidism (overactive thyroid) symptoms include weight loss, heat intolerance, rapid heart rate (tachycardia), tremors, and anxiety.",False,critical
ENT-007,entity_swap,cloud_provider,dev_ops,How to create a serverless function on AWS Lambda?,How to create a serverless function on Google Cloud Functions?,"In AWS Console or SAM/CDK, define a Lambda handler function receiving `(event, context)` with an IAM execution role.","In GCP, use `gcloud functions deploy` specifying an entry point conforming to the Functions Framework (HTTP or CloudEvent).",False,medium
ENT-008,entity_swap,geographic_city,travel,What is the emergency telephone number in the United States?,What is the emergency telephone number in the United Kingdom?,The nationwide emergency telephone number in the United States is 911.,The emergency telephone number in the United Kingdom is 999 (or 112).,False,critical
ENT-009,entity_swap,financial_asset,financial,What is the maximum supply cap of Bitcoin?,What is the maximum supply cap of Ethereum?,"Bitcoin has a hard-coded mathematical supply limit of 21,000,000 BTC.",Ethereum does not have a fixed maximum supply cap; its supply is dynamically regulated by issuance and EIP-1559 burn mechanics.,False,high
ENT-010,entity_swap,programming_language,dev_ops,How to find the length of a list in Python?,How to find the length of an array in JavaScript?,Use the built-in function `len(my_list)` in Python.,Access the `.length` property on the array (e.g. `myArray.length`) in JavaScript.,False,low
ENT-011,entity_swap,medical_organ,medical,Where is the liver located in the human body?,Where is the spleen located in the human body?,The liver is situated in the upper right quadrant of the abdominal cavity beneath the diaphragm.,"The spleen is situated in the upper left quadrant of the abdomen, posterior to the stomach and protected by the left rib cage.",False,high
ENT-012,entity_swap,competitor_brand,customer_support,How do I cancel my Netflix subscription?,How do I cancel my Spotify subscription?,"Go to Account > Membership & Billing, and click 'Cancel Membership' on Netflix.","Log into Spotify.com, navigate to Account > Your Plan, and click 'Change Plan' to switch to 'Cancel Premium'.",False,medium
ENT-013,entity_swap,direction_role_swap,legal,What are the legal obligations of a landlord to a tenant?,What are the legal obligations of a tenant to a landlord?,"Landlords must maintain habitable premises, ensure structural safety, provide working utilities, and respect quiet enjoyment.","Tenants must pay rent on time, avoid damaging premises, follow building rules, and provide proper move-out notice.",False,high
ENT-014,entity_swap,dev_framework,dev_ops,How to manage state using Redux in React?,How to manage state using Pinia in Vue?,Configure a store using `configureStore` from `@reduxjs/toolkit` and access it with `useSelector` and `useDispatch`.,Define a store with `defineStore` from `pinia` and invoke it directly within your Vue 3 composition setup script.,False,medium
ENT-015,entity_swap,astronomy,general_qa,What is the closest planet to the Sun?,What is the second closest planet to the Sun?,Mercury is the closest planet to the Sun at an average distance of 57.9 million km.,Venus is the second planet from the Sun at an average distance of 108.2 million km.,False,low
ENT-016,entity_swap,medical_drug,medical,What is the standard mechanism of action of Penicillin?,What is the standard mechanism of action of Ciprofloxacin?,Penicillin inhibits bacterial cell wall synthesis by binding to penicillin-binding proteins (PBPs) preventing peptidoglycan cross-linking.,"Ciprofloxacin inhibits bacterial DNA gyrase (topoisomerase II) and topoisomerase IV, preventing bacterial DNA replication.",False,critical
ENT-017,entity_swap,financial_institution,financial,What is the primary role of the International Monetary Fund (IMF)?,What is the primary role of the World Bank?,"The IMF focuses on macroeconomic stability, exchange rate stability, and providing emergency balance-of-payments crisis loans.",The World Bank focuses on long-term economic development and poverty reduction by funding specific infrastructure and development projects.,False,medium
ENT-018,entity_swap,direction_role_swap,dev_ops,How to convert a string to integer in Python?,How to convert an integer to string in Python?,"Use `int(""123"")` to parse an integer from a string.",Use `str(123)` to format an integer as a string.,False,low
ENT-019,entity_swap,operating_system,dev_ops,How to install homebrew package manager on macOS?,How to install chocolatey package manager on Windows?,"Run `/bin/bash -c ""$(curl -fsSL https://raw.githubusercontent.com/Homebrew/install/HEAD/install.sh)""` in Terminal.",Run `Set-ExecutionPolicy Bypass -Scope Process; [System.Net.ServicePointManager]::SecurityProtocol = 3072; iex ((New-Object System.Net.WebClient).DownloadString('https://community.chocolatey.org/install.ps1'))` in PowerShell as Admin.,False,medium
ENT-020,entity_swap,airline,travel,What is the baggage weight limit for United Airlines economy?,What is the baggage weight limit for Southwest Airlines?,United allows checked bags up to 50 lbs (23 kg) with fees starting at $35 for the first standard bag.,Southwest allows two free checked bags per passenger up to 50 lbs (23 kg) each.,False,medium
ENT-021,entity_swap,medical_organ,medical,What are symptoms of a heart attack in men?,What are symptoms of a stroke in adults?,"Classic heart attack symptoms include crushing chest pressure, pain radiating to the left arm/jaw, shortness of breath, and diaphoresis.","Stroke symptoms follow FAST: Facial drooping, Arm weakness, Slurred speech, and Time to call 911.",False,critical
ENT-022,entity_swap,cryptocurrency,financial,What consensus mechanism does Solana use?,What consensus mechanism does Bitcoin use?,Solana uses Proof of History (PoH) combined with a Proof of Stake (PoS) consensus protocol.,Bitcoin uses Proof of Work (PoW) with SHA-256 hash mining algorithms.,False,medium
ENT-023,entity_swap,database_type,dev_ops,What are the core features of Cassandra database?,What are the core features of MongoDB database?,Apache Cassandra is a distributed wide-column NoSQL store built on masterless peer-to-peer architecture for extreme write throughput.,MongoDB is a document-oriented NoSQL database storing flexible schema BSON documents with powerful aggregation pipelines.,False,medium
ENT-024,entity_swap,legal_role,legal,What is the burden of proof in a criminal trial?,What is the burden of proof in a civil lawsuit?,"In criminal cases, the prosecution must prove guilt 'beyond a reasonable doubt'.","In civil cases, the plaintiff must prove liability by a 'preponderance of the evidence' (more likely than not).",False,high
ENT-025,entity_swap,general_geography,general_qa,What is the capital of Spain?,What is the capital of Portugal?,The capital of Spain is Madrid.,The capital of Portugal is Lisbon.,False,medium
ENT-026,entity_swap,programming_language,dev_ops,How to declare an asynchronous function in Python?,How to declare an asynchronous function in Rust?,Use `async def my_function():` and await coroutines with `await`.,Use `async fn my_function()` and execute with `.await`.,False,low
ENT-027,entity_swap,medical_drug,medical,What is the clinical use of Epinephrine?,What is the clinical use of Norepinephrine?,"Epinephrine is the primary drug for treating anaphylaxis, severe bronchospasm, and cardiac arrest resuscitation.",Norepinephrine is the first-line vasopressor for restoring vascular tone in septic shock and severe hypotension.,False,critical
ENT-028,entity_swap,e-commerce_brand,e-commerce,How to request warranty service for an Apple MacBook?,How to request warranty service for a Dell XPS laptop?,Book a Genius Bar appointment via the Apple Support app or mail the MacBook in using AppleCare.,Enter your Service Tag on Dell Support website and request mail-in depot or on-site technician dispatch.,False,medium
ENT-029,entity_swap,financial_instrument,financial,What is a Call option in stock trading?,What is a Put option in stock trading?,A Call option gives the buyer the right (not obligation) to buy shares at a specified strike price before expiration.,A Put option gives the buyer the right (not obligation) to sell shares at a specified strike price before expiration.,False,critical
ENT-030,entity_swap,dev_tool,dev_ops,How to start a local development server using Vite?,How to start a local development server using Next.js?,Run `npm run dev` which executes `vite` on port 5173.,Run `npm run dev` which executes `next dev` on port 3000.,False,low
ENT-031,entity_swap,medical_organ,medical,What is the primary function of the thyroid gland?,What is the primary function of the parathyroid gland?,The thyroid gland secretes T3 and T4 hormones to regulate systemic basal metabolic rate and protein synthesis.,The parathyroid glands secrete PTH (parathyroid hormone) to precisely regulate serum calcium and phosphorus balance.,False,critical
ENT-032,entity_swap,travel_destination,travel,What is the primary international airport in Tokyo?,What is the primary international airport in Paris?,Tokyo is served primarily by Narita International Airport (NRT) and Haneda Airport (HND).,Paris is served primarily by Charles de Gaulle Airport (CDG) and Orly Airport (ORY).,False,medium
ENT-033,entity_swap,cloud_database,dev_ops,How does AWS DynamoDB handle partitioning?,How does Google Cloud Spanner handle partitioning?,DynamoDB hashes the partition key (PK) to allocate data across internal SSD storage partitions.,Cloud Spanner uses range-based partitioning with automatic splits across Paxos consensus server groups.,False,medium
ENT-034,entity_swap,financial_account,financial,What are the tax advantages of a Traditional 401k?,What are the tax advantages of a Roth 401k?,"Contributions are tax-deductible pre-tax in the current year, growing tax-deferred until taxed as ordinary income at withdrawal.","Contributions are made with after-tax dollars, and all qualified withdrawals and investment gains in retirement are 100% tax-free.",False,high
ENT-035,entity_swap,legal_term,legal,What is slander in defamation law?,What is libel in defamation law?,"Slander refers to transient, spoken defamatory false statements damaging a person's reputation.","Libel refers to defamatory false statements published in permanent, written, printed, or broadcast form.",False,medium
ENT-036,entity_swap,general_science,general_qa,What is nuclear fission?,What is nuclear fusion?,"Nuclear fission is the splitting of a heavy atomic nucleus (e.g. Uranium-235) into smaller nuclei, releasing energy.","Nuclear fusion is the combining of two light atomic nuclei (e.g. Deuterium and Tritium) to form a heavier nucleus, releasing massive energy.",False,high
ENT-037,entity_swap,medical_disease,medical,What causes Crohn's disease?,What causes Ulcerative Colitis?,Crohn's disease is an autoimmune inflammation that can affect any part of the GI tract from mouth to anus with transmural skip lesions.,Ulcerative Colitis is an autoimmune condition limited strictly to continuous mucosal inflammation of the colon and rectum.,False,high
ENT-038,entity_swap,dev_ops_tool,dev_ops,What is the function of Terraform in DevOps?,What is the function of Ansible in DevOps?,Terraform is an Infrastructure-as-Code (IaC) tool for provisioning and orchestrating cloud resources declaratively.,Ansible is a configuration management and automation tool for configuring software and deploying applications onto provisioned servers.,False,medium
ENT-039,entity_swap,financial_market,financial,What are trading hours for the New York Stock Exchange (NYSE)?,What are trading hours for the Tokyo Stock Exchange (TSE)?,"NYSE standard trading hours are 9:30 AM to 4:00 PM Eastern Time, Monday through Friday.",TSE trading hours are 9:00 AM to 11:30 AM (morning) and 12:30 PM to 3:30 PM JST (afternoon).,False,medium
ENT-040,entity_swap,general_geography,general_qa,What is the longest river in Africa?,What is the longest river in South America?,"The Nile River is the longest river in Africa, stretching approximately 6,650 km (4,132 miles).","The Amazon River is the longest river in South America, stretching approximately 6,400 km (3,977 miles).",False,medium
ENT-041,entity_swap,medical_organ,medical,What blood vessel carries oxygenated blood away from the heart?,What blood vessel carries deoxygenated blood back to the heart?,The Aorta and systemic arteries carry oxygenated blood away from the left ventricle to body tissues.,The Vena Cava (superior and inferior) and systemic veins carry deoxygenated blood back to the right atrium.,False,critical
ENT-042,entity_swap,dev_language,dev_ops,How to handle exceptions in Java?,How to handle errors in Rust?,Java uses `try { ... } catch (Exception e) { ... } finally { ... }` blocks.,"Rust uses the `Result<T, E>` enum with pattern matching `match` or the `?` question mark operator for error propagation.",False,medium
ENT-043,entity_swap,e-commerce_platform,e-commerce,What commission does Apple charge developers on App Store in-app purchases?,What commission does Google Play charge developers?,"Apple charges 15% for developers earning under $1M via the Small Business Program, and 30% for standard developers.",Google Play charges 15% on the first $1M of annual developer revenue and 30% on earnings above $1M.,False,medium
ENT-044,entity_swap,legal_instrument,legal,What is a Living Will?,What is a Last Will and Testament?,A Living Will specifies your healthcare directives and life-support preferences while you are still alive but incapacitated.,"A Last Will and Testament dictates how your assets, property, and guardianship of dependents are distributed after your death.",False,high
ENT-045,entity_swap,financial_metric,financial,What is Return on Equity (ROE)?,What is Return on Assets (ROA)?,ROE measures profitability relative to shareholders' equity: Net Income / Total Shareholders' Equity.,ROA measures how efficiently a company utilizes its total assets to generate earnings: Net Income / Total Assets.,False,medium
ENT-046,entity_swap,direction_role_swap,dev_ops,How to convert an array to a set in JavaScript?,How to convert a set to an array in JavaScript?,Use `const mySet = new Set(myArray);`.,Use `const myArray = Array.from(mySet);` or `const myArray = [...mySet];`.,False,low
ENT-047,entity_swap,medical_condition,medical,What is the first-line medication for Type 2 Diabetes?,What is the first-line medication for Essential Hypertension?,Metformin is universally recognized as the standard initial pharmacological therapy for Type 2 Diabetes.,"First-line agents for hypertension include Thiazide diuretics, ACE inhibitors, ARBs, or Calcium Channel Blockers.",False,critical
ENT-048,entity_swap,travel_airline,travel,Which airline alliance does Delta Air Lines belong to?,Which airline alliance does United Airlines belong to?,Delta Air Lines is a founding member of the SkyTeam alliance.,United Airlines is a founding member of Star Alliance.,False,medium
ENT-049,entity_swap,dev_cloud,dev_ops,How to configure VPC peering in AWS?,How to configure VPC Network Peering in GCP?,"In AWS VPC Dashboard, create a Peering Connection request, accept it in the target VPC, and update route tables in both VPCs.","In GCP Console, establish bidirectional VPC Network Peering configurations connecting both project VPC networks.",False,medium
ENT-050,entity_swap,general_history,general_qa,Who was the first President of the United States?,Who was the 16th President of the United States?,George Washington served as the 1st President of the United States from 1789 to 1797.,Abraham Lincoln served as the 16th President of the United States from 1861 until his assassination in 1865.,False,low
ENT-051,entity_swap,medical_specialty,medical,What medical condition does a Nephrologist treat?,What medical condition does a Neurologist treat?,"A Nephrologist specializes in kidney health, renal failure, dialysis, and electrolyte imbalances.","A Neurologist specializes in disorders of the nervous system, brain, spinal cord, neuropathy, and epilepsy.",False,critical
ENT-052,entity_swap,financial_market,financial,What is the ticker symbol for Microsoft on Nasdaq?,What is the ticker symbol for Meta Platforms on Nasdaq?,Microsoft trades under the ticker symbol MSFT.,Meta Platforms trades under the ticker symbol META.,False,medium
ENT-053,entity_swap,dev_database,dev_ops,What is the default port for PostgreSQL?,What is the default port for MySQL?,The default TCP listening port for PostgreSQL is 5432.,The default TCP listening port for MySQL is 3306.,False,high
ENT-054,entity_swap,e-commerce_logistics,e-commerce,How to schedule a package pickup with FedEx?,How to schedule a package pickup with UPS?,Go to FedEx.com > Shipping > Schedule & Manage Pickups and enter your FedEx tracking or account number.,Log in to UPS.com > Shipping > Schedule a Pickup and specify package details and pickup location.,False,low
ENT-055,entity_swap,general_geography,general_qa,What is the capital of Canada?,What is the capital of Australia?,The federal capital of Canada is Ottawa.,The federal capital of Australia is Canberra.,False,medium
ENT-056,entity_swap,medical_nutrient,medical,What disease is caused by Vitamin C deficiency?,What disease is caused by Vitamin D deficiency?,"Severe Vitamin C deficiency causes Scurvy, characterized by bleeding gums, skin spots, and impaired wound healing.",Severe Vitamin D deficiency causes Rickets in children and Osteomalacia/osteoporosis in adults.,False,high
ENT-057,entity_swap,financial_banking,financial,What is the routing number for Chase Bank in California?,What is the routing number for Bank of America in California?,The Chase Bank routing transit number for California accounts is 121000248 (or 322271627).,The Bank of America routing number for Northern California is 121000358 (Southern CA: 122000665).,False,critical
ENT-058,entity_swap,dev_language,dev_ops,How to parse JSON in Python?,How to parse JSON in JavaScript?,Import `json` and use `json.loads(json_string)`.,Use the global `JSON.parse(jsonString)` method.,False,low
ENT-059,entity_swap,legal_contract,legal,What is an NDA (Non-Disclosure Agreement)?,What is an NCA (Non-Compete Agreement)?,An NDA protects proprietary confidential information from being disclosed to third parties.,An NCA restricts an employee from working for a competing business within a specified geographic area and time frame.,False,high
ENT-060,entity_swap,travel_transit,travel,What is the subway card used in London public transport?,What is the transit card used in Hong Kong public transport?,London transit uses the Oyster card (as well as contactless bank cards).,Hong Kong public transit utilizes the Octopus card contactless smart card.,False,low
ENT-061,entity_swap,medical_organ,medical,What is the function of red blood cells (erythrocytes)?,What is the function of white blood cells (leukocytes)?,Red blood cells bind oxygen via hemoglobin and transport it from lungs to tissues throughout the body.,"White blood cells defend the body against infectious pathogens, foreign antigens, and diseased cells.",False,high
ENT-062,entity_swap,dev_cloud,dev_ops,What is the object storage service in Amazon Web Services?,What is the object storage service in Microsoft Azure?,Amazon S3 (Simple Storage Service) is AWS's scalable cloud object storage.,Azure Blob Storage is Microsoft Azure's massively scalable object storage service for unstructured data.,False,medium
ENT-063,entity_swap,financial_policy,financial,Who is the Chairman of the US Federal Reserve?,Who is the President of the European Central Bank?,Jerome Powell has served as the Chair of the Federal Reserve since February 2018.,Christine Lagarde has served as the President of the European Central Bank (ECB) since November 2019.,False,medium
ENT-064,entity_swap,general_science,general_qa,What is the chemical symbol for Gold?,What is the chemical symbol for Silver?,The chemical symbol for Gold on the periodic table is Au (from Latin aurum).,The chemical symbol for Silver on the periodic table is Ag (from Latin argentum).,False,low
ENT-065,entity_swap,e-commerce_membership,e-commerce,What are the core perks of Amazon Prime?,What are the core perks of Walmart Plus?,"Amazon Prime includes free 1-2 day delivery, Prime Video streaming, Amazon Music, and exclusive Prime Day deals.","Walmart+ includes free grocery delivery from local stores, free shipping with no order minimum, gas discounts, and Paramount+.",False,medium
ENT-066,entity_swap,medical_disease,medical,What is the pathogen that causes Tuberculosis?,What is the pathogen that causes Malaria?,Tuberculosis is caused by the bacterium Mycobacterium tuberculosis.,Malaria is caused by Plasmodium parasites transmitted via the bite of infected female Anopheles mosquitoes.,False,critical
ENT-067,entity_swap,dev_framework,dev_ops,How to install packages using PyPI in Python?,How to install packages using npm in Node.js?,Use `pip install <package_name>` from your terminal.,Use `npm install <package_name>` or `npm i <package_name>`.,False,low
ENT-068,entity_swap,financial_metric,financial,What is Gross Domestic Product (GDP)?,What is Gross National Product (GNP)?,GDP measures the total monetary value of all finished goods and services produced within a nation's geographic borders.,GNP measures the total value of all goods and services produced by a nation's citizens and enterprises regardless of geographic location.,False,medium
ENT-069,entity_swap,direction_role_swap,legal,What is the role of the plaintiff in a lawsuit?,What is the role of the defendant in a lawsuit?,The plaintiff is the initiating party who files the legal complaint seeking relief or damages for alleged harm.,"The defendant is the party against whom the civil complaint or criminal charges are brought, defending against allegations.",False,high
ENT-070,entity_swap,travel_destination,travel,What driving side of the road is used in the United Kingdom?,What driving side of the road is used in Germany?,"In the United Kingdom, motorists drive on the left side of the road with the driver seated on the right.","In Germany, motorists drive on the right side of the road with the driver seated on the left.",False,high
ENT-071,entity_swap,medical_organ,medical,What is the normal systolic blood pressure target?,What is the normal diastolic blood pressure target?,A normal resting systolic blood pressure is less than 120 mmHg (the upper number during cardiac contraction).,A normal resting diastolic blood pressure is less than 80 mmHg (the bottom number during cardiac resting phase).,False,high
ENT-072,entity_swap,dev_cloud,dev_ops,What is AWS CloudWatch used for?,What is AWS CloudTrail used for?,"CloudWatch monitors metrics, collects logs, tracks application performance, and triggers automated scaling alarms.","CloudTrail records AWS account API activity, user logins, and administrative changes for security audit trails.",False,high
ENT-073,entity_swap,financial_instrument,financial,What is a debit card?,What is a credit card?,A debit card deducts funds directly from the cardholder's existing checking account in real-time.,A credit card borrows money from a bank credit line that the cardholder must repay at a future billing cycle.,False,medium
ENT-074,entity_swap,general_science,general_qa,What is the largest organ in the human body?,What is the largest internal organ in the human body?,The skin (integumentary system) is the overall largest organ by surface area and weight.,"The liver is the largest internal solid organ in the human body, weighing approximately 1.5 kg (3.3 lbs).",False,medium
ENT-075,entity_swap,programming_language,dev_ops,Is Python a statically typed or dynamically typed language?,Is TypeScript a statically typed or dynamically typed language?,"Python is a dynamically typed, strongly typed programming language.",TypeScript is a statically typed superset of JavaScript that compiles down to plain JavaScript.,False,low
NUM-001,numerical_temporal_swap,medical_dosage,medical,What is the recommended pediatric dosage of amoxicillin for a 10kg infant?,What is the recommended adult dosage of amoxicillin for a 70kg patient?,"For a 10kg infant, standard pediatric dosing is 200mg to 450mg per day divided into 2-3 doses (20-45 mg/kg/day).","For a 70kg adult, standard dosing is 500mg every 8 hours or 875mg every 12 hours (1500-1750 mg/day).",False,critical
NUM-002,numerical_temporal_swap,software_version,dev_ops,What new features were introduced in Python 3.12?,What new features were introduced in Python 3.8?,"Python 3.12 introduced isolated subinterpreters with per-interpreter GIL, improved error messages, Linux perf profiler support, and f-string syntactic enhancements.","Python 3.8 introduced the walrus assignment expression `:=`, positional-only parameters `/`, and `math.prod()`.",False,medium
NUM-003,numerical_temporal_swap,financial_year,financial,What was Apple's total reported revenue for fiscal year 2021?,What was Apple's total reported revenue for fiscal year 2023?,Apple reported total annual net revenue of $365.8 billion for fiscal year 2021.,Apple reported total annual net revenue of $383.3 billion for fiscal year 2023.,False,high
NUM-004,numerical_temporal_swap,pricing_budget,travel,What are the best luxury 5-star hotels in Tokyo over $1000 per night?,What are the best budget capsule hotels in Tokyo under $50 per night?,"Top ultra-luxury Tokyo hotels include Aman Tokyo, The Ritz-Carlton Tokyo, and Hoshinoya Tokyo.","Top budget Tokyo capsule hotels include Nine Hours Akasaka, Capsule Hotel Anshin Oyado, and Book And Bed Tokyo.",False,high
NUM-005,numerical_temporal_swap,medical_dosage,medical,Is a single dose of 500mg acetaminophen safe for an adult?,Is a single dose of 5000mg acetaminophen safe for an adult?,"Yes, 500mg is a standard single therapeutic dose for adults (maximum recommended single dose is 1000mg).","NO! 5000mg (5g) is a severe toxic overdose exceeding the 4000mg daily ceiling, causing acute liver necrosis and requiring emergency NAC treatment.",False,critical
NUM-006,numerical_temporal_swap,software_version,dev_ops,How to configure React Router v5 routes?,How to configure React Router v6 routes?,"In React Router v5, use `<Switch>` and `<Route path=""/"" component={Home} />`.","In React Router v6, use `<Routes>` and `<Route path=""/"" element={<Home />} />` (`<Switch>` is deprecated).",False,high
NUM-007,numerical_temporal_swap,financial_tax_year,financial,What is the standard deduction for single filers in tax year 2020?,What is the standard deduction for single filers in tax year 2024?,"For tax year 2020, the standard deduction for single tax filers was $12,400.","For tax year 2024, the standard deduction for single tax filers is $14,600.",False,high
NUM-008,numerical_temporal_swap,unit_metric,general_qa,Convert 100 miles per hour to kilometers per hour,Convert 100 kilometers per hour to miles per hour,100 mph is equivalent to 160.934 km/h.,100 km/h is equivalent to 62.137 mph.,False,medium
NUM-009,numerical_temporal_swap,e-commerce_threshold,e-commerce,What items qualify for orders over $500 discount?,What items qualify for orders over $50 discount?,Orders exceeding $500 qualify for a 25% VIP bulk tier discount code 'VIP500'.,Orders exceeding $50 qualify for standard free shipping and 5% welcome discount.,False,medium
NUM-010,numerical_temporal_swap,financial_timeframe,financial,What is the interest rate on a 30-year fixed mortgage?,What is the interest rate on a 15-year fixed mortgage?,"As of recent benchmarks, 30-year fixed mortgage rates average approximately 6.8% - 7.1%.","15-year fixed mortgage rates typically average 0.6% to 0.9% lower, around 6.0% - 6.3%.",False,medium
NUM-011,numerical_temporal_swap,medical_metric,medical,What does a blood glucose level of 90 mg/dL indicate fasting?,What does a blood glucose level of 290 mg/dL indicate fasting?,A fasting blood glucose reading of 90 mg/dL is within the normal healthy physiological range (70-99 mg/dL).,"A fasting level of 290 mg/dL indicates severe hyperglycemia, requiring immediate medical evaluation and diabetes intervention.",False,critical
NUM-012,numerical_temporal_swap,software_version,dev_ops,How to configure Ubuntu 18.04 LTS network using netplan?,How to configure Ubuntu 14.04 LTS network using interfaces?,"In Ubuntu 18.04+, configure YAML files in `/etc/netplan/*.yaml` and execute `sudo netplan apply`.","In Ubuntu 14.04, edit `/etc/network/interfaces` directly and restart with `sudo /etc/init.d/networking restart`.",False,medium
NUM-013,numerical_temporal_swap,unit_metric,general_qa,What is 32 degrees Fahrenheit in Celsius?,What is 32 degrees Celsius in Fahrenheit?,32°F is exactly 0°C (the freezing point of water).,32°C is equal to 89.6°F (a hot summer temperature).,False,medium
NUM-014,numerical_temporal_swap,financial_quarter,financial,What was Tesla's vehicle delivery count in Q1 2023?,What was Tesla's vehicle delivery count in Q4 2023?,"Tesla delivered 422,875 vehicles globally in Q1 2023.","Tesla delivered 484,507 vehicles globally in Q4 2023.",False,medium
NUM-015,numerical_temporal_swap,medical_dosage,medical,What is the maximum safe daily dose of Ibuprofen for an adult?,What is the maximum safe daily dose of Ibuprofen for a 5-year-old child?,"For adults, the maximum over-the-counter daily limit is 1200mg/day (or up to 2400mg-3200mg/day under direct physician supervision).","For children, pediatric dosing is strictly 10 mg/kg per dose every 6-8 hours, never exceeding 40 mg/kg/day.",False,critical
NUM-016,numerical_temporal_swap,legal_age,legal,What is the legal minimum drinking age in the United States?,What is the legal minimum drinking age in Germany for beer and wine?,The legal minimum drinking age in all 50 US states is 21 years old under the National Minimum Drinking Age Act of 1984.,"In Germany, youth aged 16 (or 14 if accompanied by parents) can legally purchase and consume undistilled beer and wine.",False,high
NUM-017,numerical_temporal_swap,dev_ports,dev_ops,What service runs on TCP port 80?,What service runs on TCP port 443?,TCP port 80 is the standard port for unencrypted HTTP web traffic.,TCP port 443 is the standard port for encrypted HTTPS / TLS web traffic.,False,medium
NUM-018,numerical_temporal_swap,e-commerce_days,customer_support,Can I return items within 30 days of delivery?,Can I return items within 300 days of delivery?,"Yes, our standard returns window allows returns within 30 days of delivery for a full refund.","No, items returned past 30 days cannot be accepted for refund or store credit.",False,medium
NUM-019,numerical_temporal_swap,financial_year,financial,What was the US inflation rate in 2020?,What was the US inflation rate in 2022?,The average annual US CPI inflation rate in 2020 was 1.2%.,The annual US CPI inflation rate surged to an average of 8.0% in 2022 (peaking at 9.1% in June 2022).,False,high
NUM-020,numerical_temporal_swap,medical_metric,medical,Is a body temperature of 98.6°F normal?,Is a body temperature of 104.5°F normal?,"Yes, 98.6°F (37.0°C) is the classic baseline human body temperature.",NO! 104.5°F (40.3°C) indicates high-grade severe pyrexia requiring immediate medical antipyretic intervention to prevent febrile complications.,False,critical
NUM-021,numerical_temporal_swap,dev_cloud_limit,dev_ops,What is the maximum execution timeout for an AWS Lambda function?,What was the maximum execution timeout for AWS Lambda prior to 2018?,The maximum execution timeout for AWS Lambda functions is 15 minutes (900 seconds).,"Prior to October 2018, the maximum execution duration for Lambda was capped at 5 minutes (300 seconds).",False,low
NUM-022,numerical_temporal_swap,travel_time,travel,What is the flight duration from London to New York nonstop?,What is the flight duration from London to Singapore nonstop?,A nonstop flight from London (LHR) to New York (JFK) takes approximately 7 to 8 hours.,A nonstop flight from London (LHR) to Singapore (SIN) takes approximately 13 to 14 hours.,False,medium
NUM-023,numerical_temporal_swap,financial_contribution,financial,What is the 401k employee contribution limit for 2019?,What is the 401k employee contribution limit for 2024?,"For tax year 2019, the individual 401k elective deferral limit was $19,000.","For tax year 2024, the individual 401k elective deferral limit is $23,000 ($30,500 with age 50+ catch-up).",False,high
NUM-024,numerical_temporal_swap,general_history,general_qa,In what year did World War I begin?,In what year did World War II begin?,"World War I began on July 28, 1914 following the assassination of Archduke Franz Ferdinand.","World War II began in Europe on September 1, 1939 with Germany's invasion of Poland.",False,medium
NUM-025,numerical_temporal_swap,medical_metric,medical,What does a blood pressure reading of 115/75 mmHg indicate?,What does a blood pressure reading of 190/125 mmHg indicate?,"115/75 mmHg is an optimal, normal healthy resting blood pressure reading.",190/125 mmHg indicates a Hypertensive Emergency requiring immediate emergency room care to prevent target organ damage.,False,critical
NUM-026,numerical_temporal_swap,dev_database,dev_ops,What is the maximum document size in MongoDB?,What is the maximum column size in Cassandra?,The maximum BSON document size in MongoDB is 16 Megabytes.,"In Apache Cassandra, a single cell/column value can theoretically be up to 2 Gigabytes (recommended <10MB).",False,medium
NUM-027,numerical_temporal_swap,financial_interest,financial,"How much will $10,000 grow in 10 years at 2% annual interest?","How much will $10,000 grow in 10 years at 12% annual interest?","At 2% compound interest, $10,000 grows to approximately $12,189.94 after 10 years.","At 12% compound interest, $10,000 grows to approximately $31,058.48 after 10 years.",False,high
NUM-028,numerical_temporal_swap,e-commerce_count,e-commerce,Order 1 pack of AA batteries,Order 100 packs of AA batteries,Added 1 pack (4 batteries) of AA batteries to cart for $5.99.,Added 100 bulk packs of AA batteries to cart for $599.00.,False,high
NUM-029,numerical_temporal_swap,travel_baggage,travel,What is the fee for a 20kg checked bag on international flights?,What is the fee for a 45kg checked bag on international flights?,A 20kg (44 lb) bag falls within standard weight limits and is typically free or $35-$75 depending on airline fare class.,A 45kg (99 lb) bag exceeds the 32kg maximum allowable overweight threshold on commercial airlines and must be shipped via cargo freight.,False,high
NUM-030,numerical_temporal_swap,legal_statute,legal,What is the statute of limitations for personal injury in California?,What is the statute of limitations for written contract breach in California?,"In California, the statute of limitations for personal injury claims is 2 years from the date of the incident (CCP § 335.1).","In California, the statute of limitations for breach of a written contract is 4 years (CCP § 337).",False,high
NUM-031,numerical_temporal_swap,dev_language_version,dev_ops,Does Python 2.7 support native type hinting annotations?,Does Python 3.10 support structural pattern matching?,"No, Python 2.7 (deprecated 2020) lacked native syntax for function type hints.","Yes, Python 3.10 introduced structural pattern matching via `match` and `case` statements (PEP 634).",False,medium
NUM-032,numerical_temporal_swap,medical_heart_rate,medical,What does a resting pulse of 68 bpm indicate in an adult?,What does a resting pulse of 168 bpm indicate in an adult?,A resting heart rate of 68 bpm is normal and indicative of good cardiovascular conditioning.,A resting rate of 168 bpm indicates severe resting tachycardia or supraventricular arrhythmia requiring urgent medical assessment.,False,critical
NUM-033,numerical_temporal_swap,financial_year,financial,What was the federal funds rate in mid-2021?,What was the federal funds rate in mid-2023?,"In mid-2021, the US federal funds rate target range was near zero at 0.00% - 0.25%.","In mid-2023, following aggressive rate hikes, the federal funds rate stood at 5.25% - 5.50%.",False,high
NUM-034,numerical_temporal_swap,unit_metric,general_qa,How many meters are in 5 kilometers?,How many meters are in 5 miles?,"5 kilometers is equal to exactly 5,000 meters.","5 miles is equal to approximately 8,046.72 meters.",False,low
NUM-035,numerical_temporal_swap,dev_http_status,dev_ops,What does HTTP status code 200 signify?,What does HTTP status code 500 signify?,HTTP 200 OK signifies that the request succeeded and the server returned the requested resource.,HTTP 500 Internal Server Error indicates an unhandled server-side exception or server failure.,False,high
NUM-036,numerical_temporal_swap,medical_dosage,medical,What is the typical maintenance dose of Levothyroxine for hypothyroidism in mcg?,What is the typical maintenance dose of Levothyroxine for hypothyroidism in mg?,"Levothyroxine is dosed in microgram increments, typically 50 mcg to 175 mcg daily (e.g. 0.05 mg to 0.175 mg).",Levothyroxine should NEVER be prescribed in standard milligram doses (e.g. 50mg); a 50mg dose would be a fatal 1000-fold overdose!,False,critical
NUM-037,numerical_temporal_swap,e-commerce_rating,e-commerce,Show me wireless earbuds with customer ratings above 4.8 stars,Show me wireless earbuds with customer ratings below 1.5 stars,"Filtering for top-rated premium earbuds: Sony WF-1000XM5 (4.9★), Apple AirPods Pro 2 (4.8★).","Filtering for lowest-rated earbuds: Generic BT-01 (1.2★), SoundBug V1 (1.4★).",False,medium
NUM-038,numerical_temporal_swap,financial_tax_bracket,financial,What is the top marginal federal income tax bracket in the US?,What was the top marginal federal income tax bracket in the US during 1950?,"The top marginal federal income tax bracket in 2024 is 37% on income over $609,350 for single filers.","In 1950, the top marginal federal income tax rate in the US was 91% on individual income exceeding $200,000.",False,high
NUM-039,numerical_temporal_swap,general_geography,general_qa,What is the population of the United States in 2024?,What is the population of China in 2024?,The estimated population of the United States in 2024 is approximately 340 million people.,The estimated population of China in 2024 is approximately 1.41 billion people.,False,medium
NUM-040,numerical_temporal_swap,dev_ssl_tls,dev_ops,What is the encryption key length of AES-128?,What is the encryption key length of AES-256?,AES-128 uses a symmetric cryptographic key length of 128 bits (10 transformation rounds).,AES-256 uses a symmetric cryptographic key length of 256 bits (14 transformation rounds).,False,low
NUM-041,numerical_temporal_swap,medical_metric,medical,What is a normal Hemoglobin A1c percentage for non-diabetic adults?,What does an HbA1c of 11.5% indicate in an adult?,A normal non-diabetic HbA1c level is below 5.7%.,An HbA1c of 11.5% indicates severe chronic hyperglycemia and poorly controlled diabetes requiring aggressive medical intervention.,False,critical
NUM-042,numerical_temporal_swap,financial_price,financial,Buy 1 share of NVDA stock at market price,Buy 1000 shares of NVDA stock at market price,Market order submitted: 1 share of NVDA at ~$120.00 total estimated cost.,"Market order submitted: 1,000 shares of NVDA at ~$120,000.00 total estimated cost.",False,critical
NUM-043,numerical_temporal_swap,software_version,dev_ops,How to create a Next.js page using the Pages Router (Next 12)?,How to create a Next.js page using the App Router (Next 13+)?,"In Pages Router, create a file in `pages/my-page.tsx` exporting a default React component.","In App Router, create a folder `app/my-page/page.tsx` exporting a Server or Client Component.",False,medium
NUM-044,numerical_temporal_swap,travel_year,travel,What were the travel entry requirements for Japan in 2021?,What are the travel entry requirements for Japan in 2024?,"In 2021, Japan's borders were closed to general international tourists due to strict pandemic quarantine border measures.","In 2024, Japan is fully reopened visa-free for 90 days with no vaccination or PCR testing mandates.",False,high
NUM-045,numerical_temporal_swap,legal_fine,legal,What is the maximum penalty for a Class C misdemeanor in Texas?,What is the maximum penalty for a First-Degree Felony in Texas?,Class C misdemeanors in Texas carry a maximum fine of $500 with no jail time.,"First-degree felonies in Texas carry between 5 to 99 years (or life) in prison and a fine up to $10,000.",False,critical
NUM-046,numerical_temporal_swap,medical_metric,medical,Is a resting blood oxygen saturation of 97% normal?,Is a resting blood oxygen saturation of 77% normal?,"Yes, 97% SpO2 is completely normal and healthy.",NO! 77% SpO2 indicates life-threatening hypoxemia requiring immediate supplemental emergency oxygen and hospitalization.,False,critical
NUM-047,numerical_temporal_swap,dev_http_status,dev_ops,What is HTTP status code 401 Unauthorized?,What is HTTP status code 403 Forbidden?,HTTP 401 indicates that the request lacks valid authentication credentials.,HTTP 403 indicates that the server understands the caller's identity but refuses to authorize access to the resource.,False,medium
NUM-048,numerical_temporal_swap,financial_year,financial,"What was the closing price of Bitcoin on December 31, 2020?","What was the closing price of Bitcoin on December 31, 2022?","Bitcoin closed the year 2020 at approximately $29,000.","Bitcoin closed the year 2022 at approximately $16,500 after the 2022 bear market cycle.",False,medium
NUM-049,numerical_temporal_swap,general_astronomy,general_qa,How many moons does Mars have?,How many moons does Jupiter have?,Mars has 2 natural moons: Phobos and Deimos.,Jupiter has 95 officially recognized natural moons (including the 4 Galilean moons).,False,low
NUM-050,numerical_temporal_swap,e-commerce_threshold,e-commerce,Apply discount on cart item quantity of 1,Apply bulk discount on cart item quantity of 1000,Single unit price is $19.99 with no volume discount applied.,Bulk tier wholesale price of $11.50 per unit applied (42% discount on 1000 units).,False,medium
